Year,Temperature,Precipitation,Scenario,Model
1990,23.333333333333332,1579.6,Historical,Observed Station
1991,23.375,1410.9,Historical,Observed Station
1992,22.84166666666667,1930.1,Historical,Observed Station
1993,23.191666666666666,1443.1,Historical,Observed Station
1994,23.233333333333334,2279.1,Historical,Observed Station
1995,22.71666666666667,2049.6,Historical,Observed Station
1996,22.566666666666666,2149.8,Historical,Observed Station
1997,23.375,2340.1,Historical,Observed Station
1998,23.925,1374.9,Historical,Observed Station
1999,23.358333333333334,1782.1999999999998,Historical,Observed Station
2000,23.316666666666666,2088.1,Historical,Observed Station
2001,23.3,1757.2,Historical,Observed Station
2002,23.375,1400.3,Historical,Observed Station
2003,23.891666666666666,1560.4,Historical,Observed Station
2004,23.108333333333334,1737.3999999999999,Historical,Observed Station
2005,23.108333333333334,2054.6,Historical,Observed Station
2006,23.616666666666664,1705.4,Historical,Observed Station
2007,23.441666666666666,1393.3,Historical,Observed Station
2008,22.583333333333332,1877.1,Historical,Observed Station
2009,23.625,1682.2,Historical,Observed Station
2010,23.691666666666666,1981.1000000000001,Historical,Observed Station
2011,22.3,2135.9,Historical,Observed Station
2012,23.224999999999998,2083.0,Historical,Observed Station
2013,23.2,1492.5,Historical,Observed Station
2014,23.400000000000002,1627.1,Historical,Observed Station
2015,24.34166666666667,1959.6,Historical,Observed Station
2016,23.849999999999998,1808.5,Historical,Observed Station
2017,23.708333333333332,2414.2,Historical,Observed Station
2018,23.75,1935.8,Historical,Observed Station
2019,24.558333333333334,1639.0,Historical,Observed Station
2020,24.150000000000002,1740.6,Historical,Observed Station
2021,24.09166666666667,1664.6,Historical,Observed Station
2021,23.381410984848486,1771.9480326861135,ssp126,access-cm2
2021,23.23779356060606,2235.3405009700336,ssp126,inm-cm5-0
2021,23.25196022727273,2069.3994512378,ssp126,miroc6
2021,23.943191287878786,1565.2819748411955,ssp126,mpi-esm1-2-hr
2021,24.22750946969697,1729.431069777972,ssp126,noresm2-mm
2021,23.485577651515154,1809.7937264808609,ssp245,access-cm2
2021,23.993626893939393,1920.1880789054892,ssp245,inm-cm5-0
2021,23.441126893939394,1768.656792964662,ssp245,miroc6
2021,23.978191287878786,1532.9799981086635,ssp245,mpi-esm1-2-hr
2021,23.618342803030302,1535.1726618449013,ssp245,noresm2-mm
2021,22.508910984848484,2011.61988662077,ssp370,access-cm2
2021,23.09779356060606,2134.145240923032,ssp370,inm-cm5-0
2021,24.181960227272725,2059.9010778295224,ssp370,miroc6
2021,22.652357954545455,1878.1717409203131,ssp370,mpi-esm1-2-hr
2021,22.780009469696967,1554.744983220002,ssp370,noresm2-mm
2021,24.279744318181816,1755.1767039707986,ssp585,access-cm2
2021,23.466960227272725,1682.0401147770754,ssp585,inm-cm5-0
2021,24.126126893939396,1779.9906777811436,ssp585,miroc6
2021,23.343191287878785,1597.8229518768574,ssp585,mpi-esm1-2-hr
2021,23.63250946969697,2136.1035438274243,ssp585,noresm2-mm
2022,23.496410984848485,1608.9404548236837,ssp126,access-cm2
2022,23.138626893939392,1758.371402265128,ssp126,inm-cm5-0
2022,22.824460227272727,1613.7838771075114,ssp126,miroc6
2022,23.954857954545457,1902.1603226256254,ssp126,mpi-esm1-2-hr
2022,22.883342803030303,1896.335917179121,ssp126,noresm2-mm
2022,23.842244318181816,1500.166164077115,ssp245,access-cm2
2022,23.38279356060606,2101.139185414957,ssp245,inm-cm5-0
2022,23.194460227272728,1739.3352957533398,ssp245,miroc6
2022,23.629857954545454,1675.945555224184,ssp245,mpi-esm1-2-hr
2022,23.91250946969697,1739.88427387652,ssp245,noresm2-mm
2022,22.95057765151515,2042.6351885964918,ssp370,access-cm2
2022,23.93529356060606,1635.1288822243698,ssp370,inm-cm5-0
2022,24.141960227272723,1664.2593289340402,ssp370,miroc6
2022,23.20569128787879,1720.494166799228,ssp370,mpi-esm1-2-hr
2022,22.22500946969697,1804.758667131051,ssp370,noresm2-mm
2022,23.087244318181817,2022.5083492711765,ssp585,access-cm2
2022,23.783626893939395,1612.777421974348,ssp585,inm-cm5-0
2022,23.437793560606057,1821.2653359562196,ssp585,miroc6
2022,23.31652462121212,1696.9770501531818,ssp585,mpi-esm1-2-hr
2022,23.2908428030303,1695.0753758329106,ssp585,noresm2-mm
2023,23.53557765151515,1744.020490052223,ssp126,access-cm2
2023,23.342793560606058,1936.8479927422047,ssp126,inm-cm5-0
2023,23.56446022727273,1798.080036324586,ssp126,miroc6
2023,23.377357954545456,1976.85339741791,ssp126,mpi-esm1-2-hr
2023,23.39167613636364,1613.5974561111145,ssp126,noresm2-mm
2023,23.611410984848487,1455.972008526656,ssp245,access-cm2
2023,23.562793560606057,1975.678405104867,ssp245,inm-cm5-0
2023,23.807793560606058,1980.3916032692487,ssp245,miroc6
2023,23.903191287878787,1714.301186670563,ssp245,mpi-esm1-2-hr
2023,22.976676136363636,1878.476580477208,ssp245,noresm2-mm
2023,23.97974431818182,1903.6708900235562,ssp370,access-cm2
2023,23.679460227272727,2004.8168166303562,ssp370,inm-cm5-0
2023,22.88612689393939,1496.2409620815406,ssp370,miroc6
2023,22.41152462121212,2310.992568884576,ssp370,mpi-esm1-2-hr
2023,22.74750946969697,1960.162311451845,ssp370,noresm2-mm
2023,23.34474431818182,1677.5438874172305,ssp585,access-cm2
2023,23.659460227272728,1976.2219693046554,ssp585,inm-cm5-0
2023,23.734460227272724,1794.6697123055155,ssp585,miroc6
2023,23.26402462121212,1663.8893398060313,ssp585,mpi-esm1-2-hr
2023,23.18500946969697,1800.1841673368447,ssp585,noresm2-mm
2024,23.283910984848486,2032.3875084235628,ssp126,access-cm2
2024,24.223626893939393,1580.0489651785306,ssp126,inm-cm5-0
2024,24.429460227272727,1752.2407330502983,ssp126,miroc6
2024,23.882357954545455,1690.009097858674,ssp126,mpi-esm1-2-hr
2024,23.389176136363634,1695.1249907440215,ssp126,noresm2-mm
2024,23.754744318181817,1671.2617532524825,ssp245,access-cm2
2024,23.577793560606057,1686.4396516264787,ssp245,inm-cm5-0
2024,24.69862689393939,1308.4237414890747,ssp245,miroc6
2024,23.789857954545454,1508.1363636831113,ssp245,mpi-esm1-2-hr
2024,23.076676136363634,2073.3362800309187,ssp245,noresm2-mm
2024,23.414744318181818,1680.4516516286337,ssp370,access-cm2
2024,23.976960227272727,1670.007166167228,ssp370,inm-cm5-0
2024,23.03112689393939,2070.949990189828,ssp370,miroc6
2024,22.598191287878787,2198.759877050055,ssp370,mpi-esm1-2-hr
2024,23.086676136363636,1704.8034730678455,ssp370,noresm2-mm
2024,22.89724431818182,2206.3252018485355,ssp585,access-cm2
2024,23.323626893939394,2047.4207604229487,ssp585,inm-cm5-0
2024,23.741126893939395,1948.4592124218536,ssp585,miroc6
2024,24.159024621212122,1357.1864616910302,ssp585,mpi-esm1-2-hr
2024,23.919176136363635,1608.9954283715806,ssp585,noresm2-mm
2025,23.84391098484848,1883.5958391267172,ssp126,access-cm2
2025,23.118626893939393,1694.8252571981923,ssp126,inm-cm5-0
2025,24.21529356060606,2002.1697135893426,ssp126,miroc6
2025,24.285691287878787,1956.4936929504888,ssp126,mpi-esm1-2-hr
2025,24.072509469696968,1716.0248775552336,ssp126,noresm2-mm
2025,23.79557765151515,1776.9643819694095,ssp245,access-cm2
2025,23.92529356060606,1888.141271844102,ssp245,inm-cm5-0
2025,24.071126893939393,1838.9421481148559,ssp245,miroc6
2025,24.094024621212117,1641.4984220462925,ssp245,mpi-esm1-2-hr
2025,22.588342803030304,2775.6442473526954,ssp245,noresm2-mm
2025,22.452244318181815,2009.5076576478982,ssp370,access-cm2
2025,23.500293560606057,1927.0038882965262,ssp370,inm-cm5-0
2025,23.308626893939394,1977.8843844485523,ssp370,miroc6
2025,22.407357954545457,1885.2480124150118,ssp370,mpi-esm1-2-hr
2025,23.35250946969697,2067.7720923940738,ssp370,noresm2-mm
2025,24.512244318181818,2050.708552219648,ssp585,access-cm2
2025,23.966960227272725,1579.2119548615367,ssp585,inm-cm5-0
2025,24.409460227272728,2025.3922516026707,ssp585,miroc6
2025,23.18735795454545,2082.220129975446,ssp585,mpi-esm1-2-hr
2025,24.084176136363638,1555.6098513055003,ssp585,noresm2-mm
2026,22.418910984848484,2098.7937670253536,ssp126,access-cm2
2026,23.616126893939395,1914.2472848238472,ssp126,inm-cm5-0
2026,23.792793560606057,1609.189486199032,ssp126,miroc6
2026,23.56652462121212,1554.6509871524208,ssp126,mpi-esm1-2-hr
2026,24.341676136363635,1602.8765211782195,ssp126,noresm2-mm
2026,23.24807765151515,1815.862439998848,ssp245,access-cm2
2026,23.476126893939394,1797.7130008212803,ssp245,inm-cm5-0
2026,23.294460227272726,1968.6887701799396,ssp245,miroc6
2026,23.05319128787879,1893.8983239715735,ssp245,mpi-esm1-2-hr
2026,22.7483428030303,2152.956607671372,ssp245,noresm2-mm
2026,23.78474431818182,1780.153517302649,ssp370,access-cm2
2026,23.296960227272724,1861.3324351236258,ssp370,inm-cm5-0
2026,24.55029356060606,1627.1707240966334,ssp370,miroc6
2026,23.484857954545458,1565.179416327155,ssp370,mpi-esm1-2-hr
2026,22.40250946969697,1483.3703949515475,ssp370,noresm2-mm
2026,23.016410984848488,1856.8087524260281,ssp585,access-cm2
2026,23.679460227272727,1761.5971234518913,ssp585,inm-cm5-0
2026,24.56362689393939,1730.1576226797351,ssp585,miroc6
2026,23.18152462121212,2266.1424773540552,ssp585,mpi-esm1-2-hr
2026,23.005009469696972,1875.7571784831237,ssp585,noresm2-mm
2027,23.613910984848484,2137.7290043235107,ssp126,access-cm2
2027,23.503626893939394,2155.205716229973,ssp126,inm-cm5-0
2027,22.931126893939393,2199.278015588036,ssp126,miroc6
2027,23.34485795454545,2156.565631286421,ssp126,mpi-esm1-2-hr
2027,23.880009469696972,2042.3642860848945,ssp126,noresm2-mm
2027,24.057244318181816,1848.4726217042648,ssp245,access-cm2
2027,23.330293560606062,1549.9883665968466,ssp245,inm-cm5-0
2027,23.236126893939396,1625.4504369100994,ssp245,miroc6
2027,23.00069128787879,1869.0385525881288,ssp245,mpi-esm1-2-hr
2027,23.280009469696967,1890.6501454320028,ssp245,noresm2-mm
2027,23.601410984848485,2003.8906254639198,ssp370,access-cm2
2027,23.71362689393939,1761.8730433444957,ssp370,inm-cm5-0
2027,23.711960227272726,1718.2279646354195,ssp370,miroc6
2027,23.973191287878787,1845.5858365184565,ssp370,mpi-esm1-2-hr
2027,23.710842803030303,1702.0311921585558,ssp370,noresm2-mm
2027,24.738910984848484,1775.8477233481915,ssp585,access-cm2
2027,23.506960227272728,1841.7412067024343,ssp585,inm-cm5-0
2027,24.056126893939393,1970.5174294512776,ssp585,miroc6
2027,24.185691287878786,1205.9340685545912,ssp585,mpi-esm1-2-hr
2027,22.670009469696968,2472.3514463028628,ssp585,noresm2-mm
2028,23.66224431818182,1912.6053750840097,ssp126,access-cm2
2028,23.27529356060606,1749.2753664037425,ssp126,inm-cm5-0
2028,23.90696022727273,1741.0479370359717,ssp126,miroc6
2028,23.46402462121212,1788.4411895276662,ssp126,mpi-esm1-2-hr
2028,24.01750946969697,1587.4905994683695,ssp126,noresm2-mm
2028,23.79557765151515,1837.1533386107494,ssp245,access-cm2
2028,23.44029356060606,1752.348918146699,ssp245,inm-cm5-0
2028,24.70362689393939,1781.5160436356025,ssp245,miroc6
2028,23.58069128787879,1961.0827215293625,ssp245,mpi-esm1-2-hr
2028,23.356676136363635,1517.3289943396871,ssp245,noresm2-mm
2028,24.246410984848485,1521.6094757578878,ssp370,access-cm2
2028,23.24862689393939,1753.6450359101916,ssp370,inm-cm5-0
2028,23.576126893939392,1574.8327323975002,ssp370,miroc6
2028,24.06152462121212,1335.9706144736256,ssp370,mpi-esm1-2-hr
2028,23.74500946969697,1315.8840943044568,ssp370,noresm2-mm
2028,23.773910984848484,1824.3145280502936,ssp585,access-cm2
2028,23.636126893939394,1778.0406803163917,ssp585,inm-cm5-0
2028,24.52529356060606,1692.2849568411489,ssp585,miroc6
2028,24.430691287878787,1723.7056963827417,ssp585,mpi-esm1-2-hr
2028,22.815842803030304,1902.302002482085,ssp585,noresm2-mm
2029,23.951410984848483,1802.8911750470502,ssp126,access-cm2
2029,23.666126893939392,2281.551862969642,ssp126,inm-cm5-0
2029,24.601960227272727,1619.9637321050625,ssp126,miroc6
2029,24.454024621212124,1693.168935895443,ssp126,mpi-esm1-2-hr
2029,23.436676136363634,1412.6985030961737,ssp126,noresm2-mm
2029,24.18557765151515,2291.6494131535533,ssp245,access-cm2
2029,23.23362689393939,2044.3011788143967,ssp245,inm-cm5-0
2029,25.041126893939392,1679.2102919549275,ssp245,miroc6
2029,23.083191287878787,2186.7789586063673,ssp245,mpi-esm1-2-hr
2029,23.610842803030305,2115.3445755853313,ssp245,noresm2-mm
2029,24.063077651515147,2050.6242561702065,ssp370,access-cm2
2029,23.571960227272726,1728.0960883168486,ssp370,inm-cm5-0
2029,23.381960227272728,1900.9261095936827,ssp370,miroc6
2029,23.537357954545456,1781.8992958318338,ssp370,mpi-esm1-2-hr
2029,23.181676136363635,1962.3001117156418,ssp370,noresm2-mm
2029,24.041410984848483,1657.417569681424,ssp585,access-cm2
2029,23.516126893939397,2121.136949626216,ssp585,inm-cm5-0
2029,24.461960227272726,1773.159259105313,ssp585,miroc6
2029,23.51402462121212,1579.5250436187898,ssp585,mpi-esm1-2-hr
2029,22.648342803030303,2094.2876011226294,ssp585,noresm2-mm
2030,23.911410984848484,2166.9200532532122,ssp126,access-cm2
2030,23.163626893939394,1885.4824063429116,ssp126,inm-cm5-0
2030,24.631960227272728,1658.2439154652775,ssp126,miroc6
2030,23.429024621212122,2003.1698435654414,ssp126,mpi-esm1-2-hr
2030,23.794176136363635,1683.5339111322378,ssp126,noresm2-mm
2030,23.512244318181818,2067.512538706524,ssp245,access-cm2
2030,24.67446022727273,1831.8109894208703,ssp245,inm-cm5-0
2030,23.919460227272726,1583.45193729605,ssp245,miroc6
2030,24.069857954545455,1416.2102358001955,ssp245,mpi-esm1-2-hr
2030,23.83500946969697,2074.347425767657,ssp245,noresm2-mm
2030,24.181410984848483,1721.5352913857355,ssp370,access-cm2
2030,23.717793560606058,1834.6749989880282,ssp370,inm-cm5-0
2030,24.353626893939392,1651.5532935205686,ssp370,miroc6
2030,23.79402462121212,1625.7516232718351,ssp370,mpi-esm1-2-hr
2030,23.186676136363634,1881.6405009373739,ssp370,noresm2-mm
2030,23.759744318181816,1930.8484435398714,ssp585,access-cm2
2030,24.057793560606058,2094.1639191609283,ssp585,inm-cm5-0
2030,24.414460227272727,1402.9080859525086,ssp585,miroc6
2030,24.52152462121212,1830.494280444524,ssp585,mpi-esm1-2-hr
2030,23.568342803030305,2019.2174368580952,ssp585,noresm2-mm
2031,24.205577651515153,1629.822539304097,ssp126,access-cm2
2031,23.839460227272728,2133.040394555135,ssp126,inm-cm5-0
2031,24.030293560606058,1786.39388846526,ssp126,miroc6
2031,22.866524621212122,1696.4634357435898,ssp126,mpi-esm1-2-hr
2031,24.338342803030304,2186.7313104145164,ssp126,noresm2-mm
2031,23.937244318181815,1817.1786599740533,ssp245,access-cm2
2031,23.899460227272726,2276.6636869328895,ssp245,inm-cm5-0
2031,23.62779356060606,1696.0317315847267,ssp245,miroc6
2031,24.156524621212117,1422.8446084157617,ssp245,mpi-esm1-2-hr
2031,23.316676136363636,1821.4463124646595,ssp245,noresm2-mm
2031,24.15974431818182,2037.1884120205382,ssp370,access-cm2
2031,23.73696022727273,1597.7773461814454,ssp370,inm-cm5-0
2031,23.955293560606062,1642.343727977293,ssp370,miroc6
2031,24.64402462121212,1417.5866582646036,ssp370,mpi-esm1-2-hr
2031,23.166676136363638,1587.3726930767348,ssp370,noresm2-mm
2031,24.529744318181816,1245.3133446213476,ssp585,access-cm2
2031,23.301960227272726,2203.101402552593,ssp585,inm-cm5-0
2031,23.736126893939396,1906.4098405835498,ssp585,miroc6
2031,24.00569128787879,1888.940681419292,ssp585,mpi-esm1-2-hr
2031,24.1508428030303,1783.5444099581773,ssp585,noresm2-mm
2032,23.901410984848482,1675.150727412172,ssp126,access-cm2
2032,24.349460227272726,1977.5815807842487,ssp126,inm-cm5-0
2032,23.738626893939394,2081.212002565277,ssp126,miroc6
2032,24.259857954545453,1529.6524753510591,ssp126,mpi-esm1-2-hr
2032,24.532509469696972,1863.7312665556892,ssp126,noresm2-mm
2032,23.497244318181817,2095.177046737097,ssp245,access-cm2
2032,23.95446022727273,2013.5484159093862,ssp245,inm-cm5-0
2032,24.633626893939393,2052.9343209742638,ssp245,miroc6
2032,23.589024621212122,1511.67245547539,ssp245,mpi-esm1-2-hr
2032,23.505842803030305,1719.8041389511764,ssp245,noresm2-mm
2032,24.678077651515153,1682.0882588723127,ssp370,access-cm2
2032,23.974460227272726,2010.5218005916865,ssp370,inm-cm5-0
2032,24.158626893939395,1624.8105392174232,ssp370,miroc6
2032,23.637357954545454,2052.7518810730253,ssp370,mpi-esm1-2-hr
2032,23.52250946969697,1901.5330011871515,ssp370,noresm2-mm
2032,23.59474431818182,1642.3402358848275,ssp585,access-cm2
2032,23.98779356060606,1701.755881619757,ssp585,inm-cm5-0
2032,23.61779356060606,1848.4005900416219,ssp585,miroc6
2032,23.919857954545453,2055.508261403604,ssp585,mpi-esm1-2-hr
2032,23.634176136363635,2018.6852935912161,ssp585,noresm2-mm
2033,24.203910984848488,1942.6461765334275,ssp126,access-cm2
2033,23.823626893939394,1881.4320427834145,ssp126,inm-cm5-0
2033,23.688626893939396,2098.1403817344194,ssp126,miroc6
2033,24.398191287878788,1407.638592701572,ssp126,mpi-esm1-2-hr
2033,23.364176136363636,2435.4001243660573,ssp126,noresm2-mm
2033,23.38557765151515,1845.9603955447017,ssp245,access-cm2
2033,23.574460227272727,1727.358604103949,ssp245,inm-cm5-0
2033,24.849460227272726,1993.4037100632902,ssp245,miroc6
2033,23.384857954545453,2093.661682402423,ssp245,mpi-esm1-2-hr
2033,24.107509469696968,2186.338318249879,ssp245,noresm2-mm
2033,24.69807765151515,1765.2057446072645,ssp370,access-cm2
2033,24.32279356060606,2089.2085257898666,ssp370,inm-cm5-0
2033,24.04946022727273,1475.5023236788584,ssp370,miroc6
2033,24.213191287878786,1456.4969189744384,ssp370,mpi-esm1-2-hr
2033,22.98750946969697,1945.3716763013094,ssp370,noresm2-mm
2033,24.34474431818182,1716.3396510934945,ssp585,access-cm2
2033,24.316126893939394,1969.7026213333088,ssp585,inm-cm5-0
2033,24.019460227272727,1903.6388875180635,ssp585,miroc6
2033,23.64319128787879,1826.29159173497,ssp585,mpi-esm1-2-hr
2033,23.588342803030304,1649.1289915301934,ssp585,noresm2-mm
2034,24.211410984848484,1955.4832037278595,ssp126,access-cm2
2034,23.553626893939395,2261.678712568,ssp126,inm-cm5-0
2034,24.214460227272724,1387.6533899894923,ssp126,miroc6
2034,24.463191287878786,1667.4045019916348,ssp126,mpi-esm1-2-hr
2034,23.765009469696967,1715.396815732609,ssp126,noresm2-mm
2034,24.76724431818182,1597.9546247205542,ssp245,access-cm2
2034,23.87279356060606,1835.1305121464998,ssp245,inm-cm5-0
2034,24.914460227272727,1657.5104445541172,ssp245,miroc6
2034,24.32402462121212,1751.7452071183138,ssp245,mpi-esm1-2-hr
2034,23.50167613636364,1993.512314361748,ssp245,noresm2-mm
2034,24.076410984848483,1980.5731045468715,ssp370,access-cm2
2034,23.774460227272726,2232.6534313540324,ssp370,inm-cm5-0
2034,25.02529356060606,1281.6445726102615,ssp370,miroc6
2034,24.039857954545454,1761.7658834174647,ssp370,mpi-esm1-2-hr
2034,23.069176136363637,1641.7674797630602,ssp370,noresm2-mm
2034,24.062244318181815,1845.8611005005803,ssp585,access-cm2
2034,24.56029356060606,1978.4444124541808,ssp585,inm-cm5-0
2034,23.684460227272726,1823.796040984667,ssp585,miroc6
2034,23.778191287878787,1831.2608358094292,ssp585,mpi-esm1-2-hr
2034,23.782509469696972,1377.0046290898013,ssp585,noresm2-mm
2035,24.315577651515152,1522.4557059363385,ssp126,access-cm2
2035,23.721126893939395,1842.639347851461,ssp126,inm-cm5-0
2035,24.351126893939394,2016.9743027862437,ssp126,miroc6
2035,25.508191287878788,1455.1467149557434,ssp126,mpi-esm1-2-hr
2035,23.59417613636364,1529.574505617325,ssp126,noresm2-mm
2035,24.50724431818182,1824.466212783052,ssp245,access-cm2
2035,24.031960227272723,1722.0612452203934,ssp245,inm-cm5-0
2035,23.48696022727273,2292.603748168047,ssp245,miroc6
2035,23.929857954545454,1999.69439867965,ssp245,mpi-esm1-2-hr
2035,22.503342803030304,1969.8143524961854,ssp245,noresm2-mm
2035,24.648910984848484,1801.301786526006,ssp370,access-cm2
2035,23.508626893939393,1853.2585486658863,ssp370,inm-cm5-0
2035,24.026960227272724,1659.198738131779,ssp370,miroc6
2035,23.838191287878786,1631.4805664444523,ssp370,mpi-esm1-2-hr
2035,23.223342803030302,1572.2448249696106,ssp370,noresm2-mm
2035,23.389744318181815,1871.2153929374865,ssp585,access-cm2
2035,23.519460227272727,1980.734440002222,ssp585,inm-cm5-0
2035,24.71029356060606,1567.4816470741794,ssp585,miroc6
2035,23.77402462121212,2015.749468757155,ssp585,mpi-esm1-2-hr
2035,24.169176136363635,1810.0170910734878,ssp585,noresm2-mm
2036,24.40974431818182,1727.8105725083697,ssp126,access-cm2
2036,24.23696022727273,1536.030839625634,ssp126,inm-cm5-0
2036,24.738626893939394,1672.2323230747252,ssp126,miroc6
2036,24.75319128787879,2077.385955387913,ssp126,mpi-esm1-2-hr
2036,23.793342803030303,2143.87230457878,ssp126,noresm2-mm
2036,23.600577651515152,1861.471358267588,ssp245,access-cm2
2036,23.616126893939395,1644.2494949180568,ssp245,inm-cm5-0
2036,23.576960227272725,1691.8464326576993,ssp245,miroc6
2036,23.37902462121212,1936.6520678881448,ssp245,mpi-esm1-2-hr
2036,23.795009469696968,1753.5782402675848,ssp245,noresm2-mm
2036,24.554744318181818,2013.4075585020817,ssp370,access-cm2
2036,23.974460227272726,2268.0324888552054,ssp370,inm-cm5-0
2036,24.581126893939395,1448.6723519322434,ssp370,miroc6
2036,24.63402462121212,1385.0339770397784,ssp370,mpi-esm1-2-hr
2036,23.88750946969697,1921.2896639879132,ssp370,noresm2-mm
2036,24.38557765151515,1844.5424164177944,ssp585,access-cm2
2036,24.231960227272726,2529.909605818792,ssp585,inm-cm5-0
2036,25.11529356060606,1443.5332694007577,ssp585,miroc6
2036,23.22902462121212,2044.7751373956328,ssp585,mpi-esm1-2-hr
2036,23.596676136363637,1953.7550559803922,ssp585,noresm2-mm
2037,24.381410984848486,2115.1171469374644,ssp126,access-cm2
2037,24.101126893939394,2517.722259148551,ssp126,inm-cm5-0
2037,24.60279356060606,1884.2540137429814,ssp126,miroc6
2037,23.531524621212117,2337.234587033444,ssp126,mpi-esm1-2-hr
2037,24.694176136363637,1298.1103783262758,ssp126,noresm2-mm
2037,23.751410984848487,1596.488313523008,ssp245,access-cm2
2037,24.503626893939394,2062.789590471996,ssp245,inm-cm5-0
2037,24.360293560606056,1993.219277402636,ssp245,miroc6
2037,23.59569128787879,1858.7719886124594,ssp245,mpi-esm1-2-hr
2037,24.399176136363636,1875.3569141668293,ssp245,noresm2-mm
2037,24.003910984848485,1602.4192527756184,ssp370,access-cm2
2037,23.81529356060606,1822.7923064236072,ssp370,inm-cm5-0
2037,24.485293560606063,1903.0474450250974,ssp370,miroc6
2037,24.55152462121212,1342.2309709246804,ssp370,mpi-esm1-2-hr
2037,23.940842803030304,1655.5944899196156,ssp370,noresm2-mm
2037,24.073910984848485,1703.2427716947186,ssp585,access-cm2
2037,23.956126893939395,2135.1587900386216,ssp585,inm-cm5-0
2037,25.359460227272724,1345.3963740885783,ssp585,miroc6
2037,23.800691287878788,1708.7148029598068,ssp585,mpi-esm1-2-hr
2037,23.533342803030305,1683.8990407544686,ssp585,noresm2-mm
2038,24.183910984848485,1922.6818093728425,ssp126,access-cm2
2038,23.326126893939392,1816.6746274757033,ssp126,inm-cm5-0
2038,23.856126893939393,1918.145837308753,ssp126,miroc6
2038,23.130691287878786,1788.6009225202445,ssp126,mpi-esm1-2-hr
2038,24.36250946969697,1933.7633162150396,ssp126,noresm2-mm
2038,24.20974431818182,1804.2639616726237,ssp245,access-cm2
2038,23.936960227272724,2711.169478620026,ssp245,inm-cm5-0
2038,25.559460227272726,1576.7429955639632,ssp245,miroc6
2038,23.914857954545454,1769.2412341500324,ssp245,mpi-esm1-2-hr
2038,24.28167613636364,1456.1856739472569,ssp245,noresm2-mm
2038,24.95974431818182,1657.0796096814415,ssp370,access-cm2
2038,24.059460227272726,1977.4241614905548,ssp370,inm-cm5-0
2038,25.46029356060606,1585.6801711299042,ssp370,miroc6
2038,24.58069128787879,1824.338418530142,ssp370,mpi-esm1-2-hr
2038,23.364176136363636,1948.5012678344585,ssp370,noresm2-mm
2038,23.668910984848484,2077.908324305399,ssp585,access-cm2
2038,24.269460227272727,2322.144155919211,ssp585,inm-cm5-0
2038,24.24029356060606,2006.222531675373,ssp585,miroc6
2038,24.43652462121212,2238.368751811716,ssp585,mpi-esm1-2-hr
2038,23.39500946969697,2186.7675529831668,ssp585,noresm2-mm
2039,24.54557765151515,1577.792098920803,ssp126,access-cm2
2039,24.16779356060606,1770.9506708336266,ssp126,inm-cm5-0
2039,23.846960227272728,1840.0318924066169,ssp126,miroc6
2039,23.96152462121212,1800.5809085143762,ssp126,mpi-esm1-2-hr
2039,23.83500946969697,2258.308925818458,ssp126,noresm2-mm
2039,23.946410984848484,1774.9938938321748,ssp245,access-cm2
2039,24.591126893939393,1826.0309018703363,ssp245,inm-cm5-0
2039,24.53112689393939,1836.3737198358892,ssp245,miroc6
2039,23.37485795454545,2090.4980917104403,ssp245,mpi-esm1-2-hr
2039,23.43500946969697,2219.402225122419,ssp245,noresm2-mm
2039,24.548910984848487,2026.373681318204,ssp370,access-cm2
2039,23.521126893939392,1862.9244159946631,ssp370,inm-cm5-0
2039,24.236126893939396,1577.069259952005,ssp370,miroc6
2039,24.168191287878788,1587.555182654557,ssp370,mpi-esm1-2-hr
2039,22.83500946969697,1846.14772154569,ssp370,noresm2-mm
2039,23.929744318181818,2092.2895145666716,ssp585,access-cm2
2039,24.336960227272726,2048.121791107085,ssp585,inm-cm5-0
2039,24.594460227272723,1607.3446782960723,ssp585,miroc6
2039,24.06319128787879,1707.0787221767912,ssp585,mpi-esm1-2-hr
2039,24.105842803030303,2067.3478032656126,ssp585,noresm2-mm
2040,24.658910984848486,1646.4980098548856,ssp126,access-cm2
2040,23.69779356060606,2139.5370885585367,ssp126,inm-cm5-0
2040,23.71362689393939,1584.204757413264,ssp126,miroc6
2040,24.00902462121212,1823.7946810257597,ssp126,mpi-esm1-2-hr
2040,24.496676136363636,1819.4734815765378,ssp126,noresm2-mm
2040,24.312244318181815,1864.4058211948739,ssp245,access-cm2
2040,23.66529356060606,1794.7067525110908,ssp245,inm-cm5-0
2040,23.96862689393939,1692.5558865273624,ssp245,miroc6
2040,22.85402462121212,2043.0185069421543,ssp245,mpi-esm1-2-hr
2040,23.447509469696968,2003.3097654438566,ssp245,noresm2-mm
2040,24.429744318181818,1662.6143751682823,ssp370,access-cm2
2040,24.405293560606058,1809.1302515469747,ssp370,inm-cm5-0
2040,25.096960227272728,1398.7559112180168,ssp370,miroc6
2040,24.39319128787879,1752.2696021473919,ssp370,mpi-esm1-2-hr
2040,22.855842803030303,1810.5498313674334,ssp370,noresm2-mm
2040,23.736410984848487,2346.309112486363,ssp585,access-cm2
2040,23.32279356060606,1853.3247603821017,ssp585,inm-cm5-0
2040,25.766960227272723,1806.1681078493687,ssp585,miroc6
2040,23.478191287878786,1681.241059375636,ssp585,mpi-esm1-2-hr
2040,25.7183428030303,1540.290414561954,ssp585,noresm2-mm
2041,24.253077651515152,1689.5666681181556,ssp126,access-cm2
2041,23.81029356060606,1749.1908141475233,ssp126,inm-cm5-0
2041,24.848626893939393,1663.2939259944717,ssp126,miroc6
2041,23.585691287878788,1869.8647556926035,ssp126,mpi-esm1-2-hr
2041,24.04250946969697,1975.6237830301197,ssp126,noresm2-mm
2041,24.31474431818182,1849.2623883391,ssp245,access-cm2
2041,23.69279356060606,1992.1507035534216,ssp245,inm-cm5-0
2041,23.619460227272725,2112.5086800830045,ssp245,miroc6
2041,24.023191287878788,1768.674433483021,ssp245,mpi-esm1-2-hr
2041,23.475842803030304,2161.1918533798375,ssp245,noresm2-mm
2041,25.153910984848483,1606.2365779133338,ssp370,access-cm2
2041,23.676126893939394,1826.6131777559872,ssp370,inm-cm5-0
2041,24.644460227272727,1615.3759800260634,ssp370,miroc6
2041,23.717357954545452,1985.8334364812226,ssp370,mpi-esm1-2-hr
2041,23.240842803030304,1855.2818680803484,ssp370,noresm2-mm
2041,24.749744318181815,2095.2645564313248,ssp585,access-cm2
2041,24.35862689393939,2017.4605352427193,ssp585,inm-cm5-0
2041,25.121126893939394,1425.638709887512,ssp585,miroc6
2041,24.491524621212122,1642.5015842352725,ssp585,mpi-esm1-2-hr
2041,25.131676136363637,2127.46310079154,ssp585,noresm2-mm
2042,24.20807765151515,1869.3276152284618,ssp126,access-cm2
2042,23.886126893939394,2045.4382557281983,ssp126,inm-cm5-0
2042,24.611126893939396,1686.6112107524652,ssp126,miroc6
2042,23.97985795454545,1821.7229586239769,ssp126,mpi-esm1-2-hr
2042,23.905009469696967,1770.566541976033,ssp126,noresm2-mm
2042,24.723910984848484,1938.1923322764192,ssp245,access-cm2
2042,24.05029356060606,1937.1878383782837,ssp245,inm-cm5-0
2042,24.172793560606056,1655.6206260242898,ssp245,miroc6
2042,23.86569128787879,1779.3414095199284,ssp245,mpi-esm1-2-hr
2042,23.933342803030303,2074.710303453439,ssp245,noresm2-mm
2042,24.97807765151515,1931.255372720459,ssp370,access-cm2
2042,23.821960227272726,1413.9211990873073,ssp370,inm-cm5-0
2042,24.643626893939395,1829.4565389276013,ssp370,miroc6
2042,23.960691287878788,2067.601339614326,ssp370,mpi-esm1-2-hr
2042,23.967509469696967,2031.0006190829606,ssp370,noresm2-mm
2042,23.348910984848484,2250.1388355310237,ssp585,access-cm2
2042,23.79612689393939,2739.230763514861,ssp585,inm-cm5-0
2042,24.17112689393939,1771.4427752137008,ssp585,miroc6
2042,24.174024621212123,1998.9246622748374,ssp585,mpi-esm1-2-hr
2042,23.9058428030303,1714.7415958080649,ssp585,noresm2-mm
2043,24.918910984848484,1536.0951201805249,ssp126,access-cm2
2043,23.00279356060606,2022.2236686592628,ssp126,inm-cm5-0
2043,24.78529356060606,1648.014047199135,ssp126,miroc6
2043,24.26902462121212,2092.1962418741123,ssp126,mpi-esm1-2-hr
2043,24.2008428030303,2035.3011758149366,ssp126,noresm2-mm
2043,24.78224431818182,1959.00593058941,ssp245,access-cm2
2043,23.23279356060606,1621.9329864246592,ssp245,inm-cm5-0
2043,25.10779356060606,1663.0156607867737,ssp245,miroc6
2043,23.159857954545455,2035.3981878208288,ssp245,mpi-esm1-2-hr
2043,24.13250946969697,1901.6091429823332,ssp245,noresm2-mm
2043,24.083910984848483,2263.269002230033,ssp370,access-cm2
2043,23.817793560606063,2134.243466723795,ssp370,inm-cm5-0
2043,24.35779356060606,1685.0232066365909,ssp370,miroc6
2043,24.513191287878787,1608.2699718105196,ssp370,mpi-esm1-2-hr
2043,23.461676136363636,1741.6806151021651,ssp370,noresm2-mm
2043,24.225577651515152,1670.9219707902198,ssp585,access-cm2
2043,23.941960227272727,2107.4687044603916,ssp585,inm-cm5-0
2043,24.654460227272725,2112.7783866311115,ssp585,miroc6
2043,24.285691287878787,2066.9120782644304,ssp585,mpi-esm1-2-hr
2043,24.438342803030306,1497.896930332505,ssp585,noresm2-mm
2044,24.749744318181815,1585.1167507308196,ssp126,access-cm2
2044,23.97779356060606,2360.3869576753677,ssp126,inm-cm5-0
2044,24.399460227272726,2143.6494247580526,ssp126,miroc6
2044,23.76485795454545,2207.4034779187696,ssp126,mpi-esm1-2-hr
2044,25.05000946969697,1517.0359521978842,ssp126,noresm2-mm
2044,24.001410984848487,2336.8683761057173,ssp245,access-cm2
2044,23.875293560606057,1819.5568295167097,ssp245,inm-cm5-0
2044,24.467793560606058,1979.31006728435,ssp245,miroc6
2044,23.132357954545455,1771.1913195997474,ssp245,mpi-esm1-2-hr
2044,23.768342803030304,1814.085070170191,ssp245,noresm2-mm
2044,24.088910984848482,1783.3013283936375,ssp370,access-cm2
2044,24.28112689393939,1794.8593907714992,ssp370,inm-cm5-0
2044,24.095293560606063,1744.1271585328273,ssp370,miroc6
2044,24.164857954545454,1929.7294624771146,ssp370,mpi-esm1-2-hr
2044,23.81500946969697,1684.6379812317186,ssp370,noresm2-mm
2044,24.893077651515153,1915.2901052156567,ssp585,access-cm2
2044,24.721126893939395,2054.7489288476313,ssp585,inm-cm5-0
2044,24.370293560606058,1774.2812789094282,ssp585,miroc6
2044,24.15819128787879,2051.9269790104763,ssp585,mpi-esm1-2-hr
2044,24.390009469696974,1988.1993482131277,ssp585,noresm2-mm
2045,24.949744318181818,1820.8496913029503,ssp126,access-cm2
2045,23.78529356060606,1963.4804261365477,ssp126,inm-cm5-0
2045,24.318626893939395,1911.2483089854006,ssp126,miroc6
2045,24.031524621212117,1962.9922027743814,ssp126,mpi-esm1-2-hr
2045,24.409176136363637,2022.4240674102507,ssp126,noresm2-mm
2045,24.508910984848484,1975.3693503364325,ssp245,access-cm2
2045,24.101126893939394,1955.3073301622894,ssp245,inm-cm5-0
2045,24.405293560606058,1619.3970741854446,ssp245,miroc6
2045,23.270691287878787,1940.107391049795,ssp245,mpi-esm1-2-hr
2045,24.125009469696966,1563.3100668451511,ssp245,noresm2-mm
2045,24.559744318181817,1803.408739060024,ssp370,access-cm2
2045,23.81779356060606,1940.224721992786,ssp370,inm-cm5-0
2045,24.71362689393939,2060.1788347871297,ssp370,miroc6
2045,23.60069128787879,1790.7088923894369,ssp370,mpi-esm1-2-hr
2045,23.731676136363635,1966.5647571212091,ssp370,noresm2-mm
2045,24.682244318181816,1578.7137662439582,ssp585,access-cm2
2045,23.926960227272726,1552.2713381514181,ssp585,inm-cm5-0
2045,25.386960227272727,1691.6735621933212,ssp585,miroc6
2045,24.10069128787879,1676.2866475855897,ssp585,mpi-esm1-2-hr
2045,24.11250946969697,2497.1238634904444,ssp585,noresm2-mm
2046,24.536410984848484,1773.427204466876,ssp126,access-cm2
2046,23.961126893939394,2052.702267025508,ssp126,inm-cm5-0
2046,25.000293560606057,1907.1308596185725,ssp126,miroc6
2046,24.006524621212122,1910.85023076303,ssp126,mpi-esm1-2-hr
2046,24.295009469696968,2222.748789975192,ssp126,noresm2-mm
2046,24.27807765151515,1780.9164944103034,ssp245,access-cm2
2046,23.74779356060606,2325.657834738937,ssp245,inm-cm5-0
2046,24.651960227272724,1616.1647388171455,ssp245,miroc6
2046,24.31819128787879,1628.0545746714058,ssp245,mpi-esm1-2-hr
2046,25.111676136363638,1587.567911896908,ssp245,noresm2-mm
2046,23.859744318181814,1960.3860773940519,ssp370,access-cm2
2046,23.941960227272727,1673.3467625275714,ssp370,inm-cm5-0
2046,24.55029356060606,1560.907973390891,ssp370,miroc6
2046,24.859857954545458,1363.2108782648472,ssp370,mpi-esm1-2-hr
2046,24.00250946969697,1490.9053451826048,ssp370,noresm2-mm
2046,24.833910984848487,1958.09893902755,ssp585,access-cm2
2046,24.10279356060606,2082.027394539752,ssp585,inm-cm5-0
2046,25.172793560606056,2047.0474769058096,ssp585,miroc6
2046,24.879857954545454,1981.3562852158116,ssp585,mpi-esm1-2-hr
2046,25.41167613636364,1344.2915911713208,ssp585,noresm2-mm
2047,24.591410984848483,1611.3208512062572,ssp126,access-cm2
2047,24.360293560606063,1651.1088907758074,ssp126,inm-cm5-0
2047,24.969460227272723,2175.026812760294,ssp126,miroc6
2047,24.04152462121212,1788.0899428261862,ssp126,mpi-esm1-2-hr
2047,24.375009469696966,1948.9129217922361,ssp126,noresm2-mm
2047,24.595577651515153,1719.174125562599,ssp245,access-cm2
2047,23.491960227272727,2025.7722482416013,ssp245,inm-cm5-0
2047,24.78529356060606,1711.4632752227217,ssp245,miroc6
2047,24.308191287878785,1870.617427131492,ssp245,mpi-esm1-2-hr
2047,24.298342803030305,1643.2319672648598,ssp245,noresm2-mm
2047,24.66557765151515,1357.9898421180092,ssp370,access-cm2
2047,24.648626893939394,1704.6877090601315,ssp370,inm-cm5-0
2047,23.911960227272726,1771.0472928018557,ssp370,miroc6
2047,24.358191287878785,1891.1099142493792,ssp370,mpi-esm1-2-hr
2047,24.481676136363635,2098.960689503628,ssp370,noresm2-mm
2047,24.16224431818182,2058.6683543864274,ssp585,access-cm2
2047,24.062793560606064,2253.5290219892618,ssp585,inm-cm5-0
2047,24.074460227272724,2007.456298200732,ssp585,miroc6
2047,23.219857954545457,1935.413656158468,ssp585,mpi-esm1-2-hr
2047,25.74250946969697,1282.472918486647,ssp585,noresm2-mm
2048,25.479744318181815,2234.051904314343,ssp126,access-cm2
2048,24.13279356060606,2059.381125164712,ssp126,inm-cm5-0
2048,23.853626893939392,1884.183512746998,ssp126,miroc6
2048,23.828191287878784,1742.5122510959363,ssp126,mpi-esm1-2-hr
2048,24.2483428030303,1692.2513171627502,ssp126,noresm2-mm
2048,24.874744318181815,1667.4674766395328,ssp245,access-cm2
2048,24.366960227272727,1784.6318130760396,ssp245,inm-cm5-0
2048,25.143626893939395,1643.8222339790093,ssp245,miroc6
2048,23.281524621212125,1769.1526530458805,ssp245,mpi-esm1-2-hr
2048,24.574176136363636,1937.3757505359872,ssp245,noresm2-mm
2048,24.376410984848487,1673.0279198754004,ssp370,access-cm2
2048,24.066960227272727,1851.261274146823,ssp370,inm-cm5-0
2048,23.764460227272725,2381.045227668262,ssp370,miroc6
2048,24.278191287878787,1994.3511864429063,ssp370,mpi-esm1-2-hr
2048,23.77250946969697,2237.897186508059,ssp370,noresm2-mm
2048,24.67057765151515,1843.7987976171964,ssp585,access-cm2
2048,23.73029356060606,2118.9547298635102,ssp585,inm-cm5-0
2048,24.15279356060606,1788.2410443525475,ssp585,miroc6
2048,24.603191287878786,1601.7742854086837,ssp585,mpi-esm1-2-hr
2048,25.364176136363636,2123.012944627735,ssp585,noresm2-mm
2049,24.40057765151515,2172.0548248186415,ssp126,access-cm2
2049,24.32862689393939,1823.9751012704794,ssp126,inm-cm5-0
2049,24.503626893939394,1773.9270479154918,ssp126,miroc6
2049,24.501524621212123,1614.7480293784936,ssp126,mpi-esm1-2-hr
2049,23.761676136363636,2033.0427597328103,ssp126,noresm2-mm
2049,24.93557765151515,1806.6579230731554,ssp245,access-cm2
2049,23.274460227272726,1923.4382944515378,ssp245,inm-cm5-0
2049,25.836126893939394,1695.5531330356578,ssp245,miroc6
2049,24.38902462121212,1588.6001341598885,ssp245,mpi-esm1-2-hr
2049,24.56500946969697,1896.6695492769716,ssp245,noresm2-mm
2049,25.22224431818182,1612.3790537280881,ssp370,access-cm2
2049,23.646126893939396,2317.690870569746,ssp370,inm-cm5-0
2049,23.606126893939393,1446.3117375476252,ssp370,miroc6
2049,23.847357954545455,1679.5490753259623,ssp370,mpi-esm1-2-hr
2049,23.714176136363637,2508.3975455946397,ssp370,noresm2-mm
2049,25.247244318181817,1937.1615075802144,ssp585,access-cm2
2049,25.172793560606056,1245.517817265659,ssp585,inm-cm5-0
2049,25.38279356060606,1614.4925326813195,ssp585,miroc6
2049,24.377357954545456,2036.9348776508816,ssp585,mpi-esm1-2-hr
2049,24.7633428030303,2048.9037147508852,ssp585,noresm2-mm
2050,23.91557765151515,2087.052940512457,ssp126,access-cm2
2050,24.011126893939394,1637.5264195639704,ssp126,inm-cm5-0
2050,24.842793560606058,1732.2697472314687,ssp126,miroc6
2050,24.007357954545455,2157.528992977709,ssp126,mpi-esm1-2-hr
2050,23.99000946969697,1678.2112450169652,ssp126,noresm2-mm
2050,23.779744318181816,1990.3330737359254,ssp245,access-cm2
2050,24.571960227272726,2019.3606099766382,ssp245,inm-cm5-0
2050,24.312793560606057,1765.0864125732453,ssp245,miroc6
2050,23.668191287878788,2219.0675448309757,ssp245,mpi-esm1-2-hr
2050,24.664176136363636,1717.093421942403,ssp245,noresm2-mm
2050,24.607244318181817,1647.6994727383712,ssp370,access-cm2
2050,24.071960227272726,2019.8321215168448,ssp370,inm-cm5-0
2050,24.681960227272725,1825.2956778121536,ssp370,miroc6
2050,24.592357954545452,1735.253929380018,ssp370,mpi-esm1-2-hr
2050,23.61250946969697,1489.334082109589,ssp370,noresm2-mm
2050,25.19557765151515,1989.4866640075238,ssp585,access-cm2
2050,24.699460227272727,2312.5337056083663,ssp585,inm-cm5-0
2050,25.914460227272727,1539.6565519738097,ssp585,miroc6
2050,23.950691287878787,2305.8839813427876,ssp585,mpi-esm1-2-hr
2050,24.39500946969697,1731.3623734477417,ssp585,noresm2-mm
2051,24.786410984848484,1233.2863346056188,ssp126,access-cm2
2051,24.119460227272725,2765.566589950185,ssp126,inm-cm5-0
2051,24.628626893939394,1711.7477305846635,ssp126,miroc6
2051,23.62485795454545,1700.2942577986023,ssp126,mpi-esm1-2-hr
2051,23.944176136363637,2279.994289349596,ssp126,noresm2-mm
2051,24.90557765151515,1656.1638879573088,ssp245,access-cm2
2051,24.02279356060606,1975.6934954413,ssp245,inm-cm5-0
2051,24.18862689393939,1764.0352775912954,ssp245,miroc6
2051,24.281524621212117,1843.3831245939464,ssp245,mpi-esm1-2-hr
2051,24.2183428030303,2362.209244651714,ssp245,noresm2-mm
2051,24.333910984848483,1838.4277509598346,ssp370,access-cm2
2051,24.08779356060606,1946.7995329712328,ssp370,inm-cm5-0
2051,25.360293560606056,1844.787166781559,ssp370,miroc6
2051,24.684857954545453,1781.4124410558502,ssp370,mpi-esm1-2-hr
2051,24.3733428030303,1685.7669097012206,ssp370,noresm2-mm
2051,24.141410984848488,1874.475662912344,ssp585,access-cm2
2051,23.89112689393939,2164.911928202688,ssp585,inm-cm5-0
2051,25.392793560606062,1800.2007821386883,ssp585,miroc6
2051,24.035691287878787,2027.8176317510968,ssp585,mpi-esm1-2-hr
2051,24.16000946969697,2090.6820326840484,ssp585,noresm2-mm
2052,24.957244318181818,1805.8038381732192,ssp126,access-cm2
2052,23.267793560606062,1738.4415062874111,ssp126,inm-cm5-0
2052,23.473626893939393,1929.116225553407,ssp126,miroc6
2052,24.197357954545453,1853.7772410839075,ssp126,mpi-esm1-2-hr
2052,23.514176136363634,2116.950500288549,ssp126,noresm2-mm
2052,24.573910984848485,1897.2134473256708,ssp245,access-cm2
2052,23.828626893939397,1761.3221591754643,ssp245,inm-cm5-0
2052,24.975293560606058,2235.232382124118,ssp245,miroc6
2052,23.394857954545454,2021.5284031044528,ssp245,mpi-esm1-2-hr
2052,25.4358428030303,1252.3703019573095,ssp245,noresm2-mm
2052,24.562244318181815,1880.0217171225934,ssp370,access-cm2
2052,23.97779356060606,1770.7692204103473,ssp370,inm-cm5-0
2052,24.66029356060606,1642.0384957980132,ssp370,miroc6
2052,24.22069128787879,2049.13596165026,ssp370,mpi-esm1-2-hr
2052,24.180842803030302,1860.1298955877949,ssp370,noresm2-mm
2052,25.288910984848485,1708.4495763509888,ssp585,access-cm2
2052,24.72529356060606,2042.2545119318534,ssp585,inm-cm5-0
2052,24.97529356060606,1964.8702686537933,ssp585,miroc6
2052,24.020691287878787,1962.367036160129,ssp585,mpi-esm1-2-hr
2052,24.588342803030304,2030.056053568809,ssp585,noresm2-mm
2053,24.826410984848483,2194.070846059354,ssp126,access-cm2
2053,24.48362689393939,2114.337369274588,ssp126,inm-cm5-0
2053,24.06779356060606,1798.4260084678685,ssp126,miroc6
2053,24.55652462121212,1959.65923384402,ssp126,mpi-esm1-2-hr
2053,23.269176136363637,1615.5256057120505,ssp126,noresm2-mm
2053,24.927244318181817,2184.6530353360363,ssp245,access-cm2
2053,23.503626893939394,2014.4614243049377,ssp245,inm-cm5-0
2053,24.561960227272724,1630.0093301924974,ssp245,miroc6
2053,24.391524621212124,1836.1770582859733,ssp245,mpi-esm1-2-hr
2053,24.59000946969697,2002.0692890293635,ssp245,noresm2-mm
2053,24.958910984848483,1867.8423314618872,ssp370,access-cm2
2053,24.03529356060606,2124.2009904404613,ssp370,inm-cm5-0
2053,24.54529356060606,1526.2760705098794,ssp370,miroc6
2053,25.185691287878786,1482.7969824640704,ssp370,mpi-esm1-2-hr
2053,24.67500946969697,1461.1697377822709,ssp370,noresm2-mm
2053,25.453910984848488,1900.634629640156,ssp585,access-cm2
2053,24.654460227272725,1965.8979937113365,ssp585,inm-cm5-0
2053,25.49279356060606,1510.4590744990467,ssp585,miroc6
2053,23.429024621212122,2272.818893720106,ssp585,mpi-esm1-2-hr
2053,24.819176136363637,1998.5362944993233,ssp585,noresm2-mm
2054,24.94557765151515,1386.696987311933,ssp126,access-cm2
2054,23.591960227272725,1827.2403098839918,ssp126,inm-cm5-0
2054,24.146126893939392,1934.2820793458252,ssp126,miroc6
2054,24.00402462121212,1945.573304704127,ssp126,mpi-esm1-2-hr
2054,23.67750946969697,1943.6843844561533,ssp126,noresm2-mm
2054,24.453910984848488,1926.3466329349071,ssp245,access-cm2
2054,23.916126893939392,1950.4415026002416,ssp245,inm-cm5-0
2054,25.166126893939392,1960.3206590312113,ssp245,miroc6
2054,23.457357954545454,1832.256927808378,ssp245,mpi-esm1-2-hr
2054,24.508342803030303,2260.29969820039,ssp245,noresm2-mm
2054,24.811410984848482,1728.351087588672,ssp370,access-cm2
2054,24.32862689393939,2138.172272428037,ssp370,inm-cm5-0
2054,24.393626893939395,2023.5249274576154,ssp370,miroc6
2054,24.60069128787879,2046.816160672031,ssp370,mpi-esm1-2-hr
2054,24.000842803030306,1920.752795565222,ssp370,noresm2-mm
2054,25.71474431818182,1761.3522809962224,ssp585,access-cm2
2054,24.666960227272725,2313.9457384418547,ssp585,inm-cm5-0
2054,25.859460227272724,1805.7527865476313,ssp585,miroc6
2054,25.487357954545455,1367.525325537104,ssp585,mpi-esm1-2-hr
2054,24.153342803030302,1938.726419130077,ssp585,noresm2-mm
2055,25.37307765151515,1558.862752552237,ssp126,access-cm2
2055,23.552793560606062,2068.8107845583086,ssp126,inm-cm5-0
2055,24.728626893939392,1628.5742442666465,ssp126,miroc6
2055,24.38902462121212,1908.1909619317346,ssp126,mpi-esm1-2-hr
2055,24.407509469696972,1759.7937082227065,ssp126,noresm2-mm
2055,25.015577651515148,2018.2152596233072,ssp245,access-cm2
2055,24.37029356060606,1917.0579525682801,ssp245,inm-cm5-0
2055,24.72529356060606,1880.9735129051244,ssp245,miroc6
2055,24.16402462121212,2012.6555714297278,ssp245,mpi-esm1-2-hr
2055,24.254176136363636,2055.201454886533,ssp245,noresm2-mm
2055,25.378910984848485,1726.2046080822931,ssp370,access-cm2
2055,24.54279356060606,1449.3243901040673,ssp370,inm-cm5-0
2055,24.471960227272728,1769.2594160397584,ssp370,miroc6
2055,24.242357954545454,1509.1633935436098,ssp370,mpi-esm1-2-hr
2055,24.616676136363637,1946.1457673497735,ssp370,noresm2-mm
2055,25.903910984848483,1565.5101470734721,ssp585,access-cm2
2055,24.36279356060606,2471.4514928168805,ssp585,inm-cm5-0
2055,25.961960227272726,1759.5371160427603,ssp585,miroc6
2055,24.333191287878787,1775.2989033715246,ssp585,mpi-esm1-2-hr
2055,23.736676136363638,2084.6107440848255,ssp585,noresm2-mm
2056,25.063910984848487,1834.7008275979279,ssp126,access-cm2
2056,23.543626893939393,1675.431747791045,ssp126,inm-cm5-0
2056,24.86529356060606,1733.535008175124,ssp126,miroc6
2056,23.864857954545453,1969.3733942681629,ssp126,mpi-esm1-2-hr
2056,23.80000946969697,1912.4594023229974,ssp126,noresm2-mm
2056,25.791410984848483,1833.5864356178486,ssp245,access-cm2
2056,23.936960227272724,1821.2949710391867,ssp245,inm-cm5-0
2056,25.098626893939393,1942.5727794173606,ssp245,miroc6
2056,23.734857954545458,1824.6774200844993,ssp245,mpi-esm1-2-hr
2056,25.08250946969697,2114.512211172407,ssp245,noresm2-mm
2056,25.467244318181816,1601.6483264480794,ssp370,access-cm2
2056,23.918626893939393,2685.707067592104,ssp370,inm-cm5-0
2056,24.856960227272726,1272.0291307458835,ssp370,miroc6
2056,24.99652462121212,1742.435745103052,ssp370,mpi-esm1-2-hr
2056,24.883342803030303,1799.6553236389332,ssp370,noresm2-mm
2056,25.888910984848483,1739.1391961590205,ssp585,access-cm2
2056,25.226126893939394,2251.9278055107347,ssp585,inm-cm5-0
2056,25.904460227272725,1938.1575434550623,ssp585,miroc6
2056,25.379857954545454,2071.8798775354708,ssp585,mpi-esm1-2-hr
2056,24.04250946969697,2243.3850915917737,ssp585,noresm2-mm
2057,24.447244318181816,2126.230138217194,ssp126,access-cm2
2057,24.059460227272726,1756.7763424257864,ssp126,inm-cm5-0
2057,24.966960227272725,1790.4119848708517,ssp126,miroc6
2057,23.075691287878787,2118.1967815327125,ssp126,mpi-esm1-2-hr
2057,24.36750946969697,2177.4952617697822,ssp126,noresm2-mm
2057,24.81057765151515,1931.2180705006535,ssp245,access-cm2
2057,23.64779356060606,2122.8759294334886,ssp245,inm-cm5-0
2057,25.119460227272725,1811.7197105347454,ssp245,miroc6
2057,24.519857954545454,1529.9505689508094,ssp245,mpi-esm1-2-hr
2057,23.953342803030306,2064.9732380338946,ssp245,noresm2-mm
2057,25.51307765151515,1763.3713856393454,ssp370,access-cm2
2057,23.154460227272725,1800.0259813649102,ssp370,inm-cm5-0
2057,24.801960227272726,1647.056603164568,ssp370,miroc6
2057,24.780691287878785,2179.81884608515,ssp370,mpi-esm1-2-hr
2057,25.11500946969697,1634.587256557206,ssp370,noresm2-mm
2057,25.961410984848484,1780.7131935808384,ssp585,access-cm2
2057,25.15279356060606,1877.359055904163,ssp585,inm-cm5-0
2057,25.70946022727273,1532.9545951953455,ssp585,miroc6
2057,24.07402462121212,2383.560296441933,ssp585,mpi-esm1-2-hr
2057,24.79000946969697,1878.1232210132175,ssp585,noresm2-mm
2058,25.041410984848483,1733.4241037657061,ssp126,access-cm2
2058,24.021126893939392,2495.171894785799,ssp126,inm-cm5-0
2058,24.518626893939395,1713.530730270689,ssp126,miroc6
2058,23.16652462121212,2306.687755453551,ssp126,mpi-esm1-2-hr
2058,24.254176136363636,2139.002590194535,ssp126,noresm2-mm
2058,25.57974431818182,1951.0390033722895,ssp245,access-cm2
2058,24.081960227272727,1727.6640071097215,ssp245,inm-cm5-0
2058,24.89196022727273,1700.7034377122432,ssp245,miroc6
2058,24.733191287878785,2199.792360744392,ssp245,mpi-esm1-2-hr
2058,24.538342803030304,1781.8616126382126,ssp245,noresm2-mm
2058,24.973910984848484,1569.4520249728732,ssp370,access-cm2
2058,24.08446022727273,1733.9835658751474,ssp370,inm-cm5-0
2058,24.25529356060606,1884.2658374607465,ssp370,miroc6
2058,24.02652462121212,2143.203123924132,ssp370,mpi-esm1-2-hr
2058,24.258342803030303,2095.9381601358004,ssp370,noresm2-mm
2058,26.18974431818182,2032.399263878806,ssp585,access-cm2
2058,24.745293560606058,2353.1079381568825,ssp585,inm-cm5-0
2058,25.569460227272728,1758.3517237097365,ssp585,miroc6
2058,24.399857954545453,1943.3249147579904,ssp585,mpi-esm1-2-hr
2058,25.493342803030302,1816.435557306123,ssp585,noresm2-mm
2059,24.65057765151515,1782.9108999293444,ssp126,access-cm2
2059,24.619460227272725,2084.772962326481,ssp126,inm-cm5-0
2059,24.241126893939395,2032.4660069874717,ssp126,miroc6
2059,24.34569128787879,2226.5642147120234,ssp126,mpi-esm1-2-hr
2059,23.937509469696966,1842.6696601398748,ssp126,noresm2-mm
2059,25.27224431818182,2142.227960925221,ssp245,access-cm2
2059,24.64696022727273,1820.460629323822,ssp245,inm-cm5-0
2059,24.851126893939394,2108.5737104150908,ssp245,miroc6
2059,25.32402462121212,1526.2229196784974,ssp245,mpi-esm1-2-hr
2059,24.6383428030303,1778.1903572126046,ssp245,noresm2-mm
2059,26.223910984848484,1256.765939183444,ssp370,access-cm2
2059,23.941960227272727,1789.0582814885092,ssp370,inm-cm5-0
2059,25.026960227272724,1829.2364038386988,ssp370,miroc6
2059,23.834857954545456,2035.4848790280507,ssp370,mpi-esm1-2-hr
2059,23.756676136363637,1587.9815148699606,ssp370,noresm2-mm
2059,26.173910984848487,2034.339941115186,ssp585,access-cm2
2059,24.791126893939392,2181.694012263936,ssp585,inm-cm5-0
2059,24.926960227272726,2038.010157742365,ssp585,miroc6
2059,25.13569128787879,1855.3223301567398,ssp585,mpi-esm1-2-hr
2059,25.429176136363637,1990.2230829021253,ssp585,noresm2-mm
2060,24.552244318181817,1680.9453352981511,ssp126,access-cm2
2060,23.696126893939393,2444.7441253584984,ssp126,inm-cm5-0
2060,25.32362689393939,1688.4628072950281,ssp126,miroc6
2060,23.989857954545453,2185.70956224954,ssp126,mpi-esm1-2-hr
2060,23.979176136363638,1616.4863386215427,ssp126,noresm2-mm
2060,24.357244318181817,1874.8109502823515,ssp245,access-cm2
2060,24.111126893939396,1905.0123417858783,ssp245,inm-cm5-0
2060,25.576126893939392,1685.5934523715614,ssp245,miroc6
2060,24.59902462121212,2051.457980521889,ssp245,mpi-esm1-2-hr
2060,24.664176136363636,1778.9584454342028,ssp245,noresm2-mm
2060,26.04557765151515,1509.2813576312635,ssp370,access-cm2
2060,24.52779356060606,2446.2365081535954,ssp370,inm-cm5-0
2060,25.503626893939394,1615.7889241649975,ssp370,miroc6
2060,24.36402462121212,2085.2013353388265,ssp370,mpi-esm1-2-hr
2060,24.99250946969697,1844.5486919658345,ssp370,noresm2-mm
2060,25.40307765151515,2019.6478617093346,ssp585,access-cm2
2060,25.398626893939394,2031.7048989433233,ssp585,inm-cm5-0
2060,24.724460227272726,2058.828593346959,ssp585,miroc6
2060,24.922357954545458,2149.0304504138307,ssp585,mpi-esm1-2-hr
2060,25.313342803030306,1724.0408941560854,ssp585,noresm2-mm
2061,25.03474431818182,1749.9764386378429,ssp126,access-cm2
2061,24.057793560606058,2148.2958108831654,ssp126,inm-cm5-0
2061,25.25779356060606,1805.3563591158286,ssp126,miroc6
2061,23.07652462121212,2182.933121576602,ssp126,mpi-esm1-2-hr
2061,24.43000946969697,2280.3737052553843,ssp126,noresm2-mm
2061,25.29057765151515,1657.9270577640245,ssp245,access-cm2
2061,23.886960227272727,1978.7105823396284,ssp245,inm-cm5-0
2061,24.999460227272724,1959.2433255081776,ssp245,miroc6
2061,23.957357954545454,1859.6890539774888,ssp245,mpi-esm1-2-hr
2061,25.448342803030304,1651.0074310615678,ssp245,noresm2-mm
2061,26.317244318181817,1802.5610979242297,ssp370,access-cm2
2061,24.263626893939392,2173.106427735762,ssp370,inm-cm5-0
2061,25.378626893939394,1308.4229367560094,ssp370,miroc6
2061,23.867357954545454,2002.9867066992488,ssp370,mpi-esm1-2-hr
2061,24.21000946969697,2193.949754567926,ssp370,noresm2-mm
2061,26.054744318181818,1740.3217366462109,ssp585,access-cm2
2061,24.881960227272728,1967.9885145683843,ssp585,inm-cm5-0
2061,24.801960227272726,1919.6877337614126,ssp585,miroc6
2061,25.050691287878788,2052.9707418185794,ssp585,mpi-esm1-2-hr
2061,25.19000946969697,2575.245306345225,ssp585,noresm2-mm
2062,24.827244318181815,2050.9228853005807,ssp126,access-cm2
2062,23.981126893939393,1875.5967009053643,ssp126,inm-cm5-0
2062,25.62279356060606,1957.9572710080317,ssp126,miroc6
2062,23.395691287878787,2122.023682371748,ssp126,mpi-esm1-2-hr
2062,24.66500946969697,1977.9796059770035,ssp126,noresm2-mm
2062,25.235577651515154,1821.4968991196406,ssp245,access-cm2
2062,24.539460227272727,2495.8358617665444,ssp245,inm-cm5-0
2062,23.87779356060606,2106.3079535548372,ssp245,miroc6
2062,24.148191287878788,1764.2920801224989,ssp245,mpi-esm1-2-hr
2062,25.218342803030307,1827.1072817205275,ssp245,noresm2-mm
2062,25.241410984848486,1984.971930513673,ssp370,access-cm2
2062,23.947793560606062,1810.0476561264582,ssp370,inm-cm5-0
2062,24.796960227272724,1510.0850834298747,ssp370,miroc6
2062,24.25902462121212,2175.046307443956,ssp370,mpi-esm1-2-hr
2062,23.836676136363636,1790.9545558015293,ssp370,noresm2-mm
2062,25.751410984848487,2008.93209491861,ssp585,access-cm2
2062,24.791126893939392,2837.758093541382,ssp585,inm-cm5-0
2062,25.908626893939395,1551.8388585966638,ssp585,miroc6
2062,26.022357954545456,1637.1620240596453,ssp585,mpi-esm1-2-hr
2062,25.403342803030302,2335.3617581563403,ssp585,noresm2-mm
2063,24.96891098484848,2160.151277466622,ssp126,access-cm2
2063,23.649460227272726,2035.082776140549,ssp126,inm-cm5-0
2063,24.36196022727273,1622.4694683872515,ssp126,miroc6
2063,23.19902462121212,2275.260207388359,ssp126,mpi-esm1-2-hr
2063,24.596676136363637,2152.3345464027807,ssp126,noresm2-mm
2063,24.97807765151515,1740.2130483976948,ssp245,access-cm2
2063,24.03529356060606,1700.5634191690867,ssp245,inm-cm5-0
2063,24.11196022727273,1843.4505259291986,ssp245,miroc6
2063,24.209024621212123,2164.79902674762,ssp245,mpi-esm1-2-hr
2063,24.93250946969697,1827.8414846490032,ssp245,noresm2-mm
2063,25.960577651515152,1806.2206079864852,ssp370,access-cm2
2063,24.202793560606057,2146.175816593907,ssp370,inm-cm5-0
2063,25.724460227272726,1535.5083412904225,ssp370,miroc6
2063,25.11902462121212,2050.717039611741,ssp370,mpi-esm1-2-hr
2063,23.10500946969697,2190.395184621717,ssp370,noresm2-mm
2063,26.01724431818182,1818.8674711044882,ssp585,access-cm2
2063,24.31029356060606,1996.1574295513635,ssp585,inm-cm5-0
2063,26.56362689393939,1657.5027044140961,ssp585,miroc6
2063,25.138191287878787,1771.0588881919002,ssp585,mpi-esm1-2-hr
2063,25.58000946969697,2471.1389251943638,ssp585,noresm2-mm
2064,25.036410984848484,1840.5313472380233,ssp126,access-cm2
2064,23.856960227272726,1898.3456559341105,ssp126,inm-cm5-0
2064,24.026960227272724,2187.476351560353,ssp126,miroc6
2064,24.224857954545456,1876.7007065967507,ssp126,mpi-esm1-2-hr
2064,24.145842803030305,2288.932911563741,ssp126,noresm2-mm
2064,24.841410984848483,1766.347261396977,ssp245,access-cm2
2064,24.161126893939393,2354.563101481854,ssp245,inm-cm5-0
2064,24.62779356060606,1638.2363801327976,ssp245,miroc6
2064,24.74402462121212,1481.5246506864653,ssp245,mpi-esm1-2-hr
2064,23.9208428030303,2279.438126649118,ssp245,noresm2-mm
2064,26.332244318181818,1703.6620106722082,ssp370,access-cm2
2064,24.88529356060606,2027.6798222264213,ssp370,inm-cm5-0
2064,25.638626893939392,2187.6383004944523,ssp370,miroc6
2064,23.948191287878785,1869.5815772966034,ssp370,mpi-esm1-2-hr
2064,24.841676136363635,1995.1583314944564,ssp370,noresm2-mm
2064,26.148910984848484,1734.9413416977366,ssp585,access-cm2
2064,24.84029356060606,1947.4881349726247,ssp585,inm-cm5-0
2064,25.629460227272727,1980.6589730667633,ssp585,miroc6
2064,24.119857954545452,2297.3358333420574,ssp585,mpi-esm1-2-hr
2064,25.327509469696974,2300.0990313393904,ssp585,noresm2-mm
2065,24.78724431818182,2061.5050329819487,ssp126,access-cm2
2065,23.871126893939394,1963.208091558785,ssp126,inm-cm5-0
2065,24.02779356060606,1895.6680717823551,ssp126,miroc6
2065,24.733191287878785,1670.7978465411613,ssp126,mpi-esm1-2-hr
2065,23.965842803030302,2252.4133067901344,ssp126,noresm2-mm
2065,24.92057765151515,1887.0199251072286,ssp245,access-cm2
2065,24.781960227272723,1800.072474534851,ssp245,inm-cm5-0
2065,25.566126893939394,1815.47320814528,ssp245,miroc6
2065,24.671524621212118,1555.6297204017008,ssp245,mpi-esm1-2-hr
2065,24.000842803030306,2122.588142837815,ssp245,noresm2-mm
2065,25.758910984848484,1710.5487264109229,ssp370,access-cm2
2065,23.282793560606063,1911.2301382276253,ssp370,inm-cm5-0
2065,24.932793560606058,1571.6294303102875,ssp370,miroc6
2065,23.761524621212118,1947.9805280361832,ssp370,mpi-esm1-2-hr
2065,25.081676136363637,1828.2917183383313,ssp370,noresm2-mm
2065,25.72474431818182,2145.360447171527,ssp585,access-cm2
2065,24.426126893939394,2550.140711353537,ssp585,inm-cm5-0
2065,24.966960227272725,2177.669601238653,ssp585,miroc6
2065,26.511524621212118,1676.7966760704237,ssp585,mpi-esm1-2-hr
2065,24.995842803030303,2035.8562144875004,ssp585,noresm2-mm
2066,25.10557765151515,1829.4857184314071,ssp126,access-cm2
2066,23.428626893939395,1934.0259289498829,ssp126,inm-cm5-0
2066,24.378626893939394,1995.4937629873777,ssp126,miroc6
2066,24.589857954545455,2141.4943265979523,ssp126,mpi-esm1-2-hr
2066,24.420009469696968,2074.7726139136453,ssp126,noresm2-mm
2066,25.085577651515152,1860.4736004432746,ssp245,access-cm2
2066,24.029460227272725,2062.399849803252,ssp245,inm-cm5-0
2066,25.819460227272728,1511.061325884407,ssp245,miroc6
2066,24.648191287878788,2189.331262510309,ssp245,mpi-esm1-2-hr
2066,23.87000946969697,1874.735646191671,ssp245,noresm2-mm
2066,25.383910984848484,2025.4730773497251,ssp370,access-cm2
2066,24.71362689393939,1970.0242730095854,ssp370,inm-cm5-0
2066,24.077793560606057,1970.0917525145455,ssp370,miroc6
2066,24.612357954545455,2085.479236749601,ssp370,mpi-esm1-2-hr
2066,25.150842803030304,1826.561734352515,ssp370,noresm2-mm
2066,26.53724431818182,1624.3197664138188,ssp585,access-cm2
2066,24.500293560606064,2165.3106782355635,ssp585,inm-cm5-0
2066,25.291960227272725,1750.1890162550735,ssp585,miroc6
2066,25.76402462121212,2188.5791507890954,ssp585,mpi-esm1-2-hr
2066,25.598342803030302,2383.0521933343393,ssp585,noresm2-mm
2067,24.813910984848487,1929.8817517594998,ssp126,access-cm2
2067,23.978626893939392,1538.9055513901055,ssp126,inm-cm5-0
2067,24.956126893939395,2108.9245319964384,ssp126,miroc6
2067,25.020691287878787,1595.6560746500595,ssp126,mpi-esm1-2-hr
2067,24.315842803030304,2073.4518225512793,ssp126,noresm2-mm
2067,24.927244318181817,1789.9328177323428,ssp245,access-cm2
2067,24.006960227272728,1702.6746598383684,ssp245,inm-cm5-0
2067,25.304460227272727,1908.1551408292287,ssp245,miroc6
2067,24.129857954545454,1758.0354120475945,ssp245,mpi-esm1-2-hr
2067,23.606676136363635,2047.5301566030007,ssp245,noresm2-mm
2067,26.558077651515152,1550.34936416728,ssp370,access-cm2
2067,24.574460227272727,2384.251938719709,ssp370,inm-cm5-0
2067,24.26279356060606,1877.5193517119471,ssp370,miroc6
2067,24.89402462121212,1567.7890812932549,ssp370,mpi-esm1-2-hr
2067,24.39750946969697,1872.017873537363,ssp370,noresm2-mm
2067,27.678077651515153,1522.7008409205794,ssp585,access-cm2
2067,25.84779356060606,2015.4943773097887,ssp585,inm-cm5-0
2067,26.166126893939392,1730.3705916053864,ssp585,miroc6
2067,25.23569128787879,2052.9804678210176,ssp585,mpi-esm1-2-hr
2067,25.996676136363636,1729.1665160006435,ssp585,noresm2-mm
2068,25.247244318181817,1958.328519847395,ssp126,access-cm2
2068,24.17112689393939,1721.605563005267,ssp126,inm-cm5-0
2068,24.101960227272727,1785.4199037760986,ssp126,miroc6
2068,24.587357954545453,1845.3786975396254,ssp126,mpi-esm1-2-hr
2068,24.220842803030305,1791.9487109616782,ssp126,noresm2-mm
2068,25.79557765151515,1715.1386042383301,ssp245,access-cm2
2068,23.98696022727273,2751.550323712607,ssp245,inm-cm5-0
2068,25.244460227272725,1874.4284878470098,ssp245,miroc6
2068,24.27402462121212,2100.157126656233,ssp245,mpi-esm1-2-hr
2068,23.51750946969697,1837.1653651047664,ssp245,noresm2-mm
2068,25.553910984848486,2299.144293550617,ssp370,access-cm2
2068,23.84029356060606,2134.4659950097393,ssp370,inm-cm5-0
2068,24.991126893939395,1727.0776280149262,ssp370,miroc6
2068,25.16402462121212,1845.24211512814,ssp370,mpi-esm1-2-hr
2068,25.2008428030303,1313.8095458225837,ssp370,noresm2-mm
2068,26.65057765151515,2031.8073136820542,ssp585,access-cm2
2068,24.94029356060606,2330.4457897683683,ssp585,inm-cm5-0
2068,25.856960227272726,1595.2690700555563,ssp585,miroc6
2068,24.779857954545452,2156.117066879908,ssp585,mpi-esm1-2-hr
2068,25.25750946969697,1861.1456464288854,ssp585,noresm2-mm
2069,24.63057765151515,2219.4354434565785,ssp126,access-cm2
2069,24.374460227272724,1888.4802190518324,ssp126,inm-cm5-0
2069,23.92029356060606,1769.290879082442,ssp126,miroc6
2069,24.256524621212122,1995.5514478945543,ssp126,mpi-esm1-2-hr
2069,24.26750946969697,1757.5102743556358,ssp126,noresm2-mm
2069,25.313077651515147,1596.0241249276553,ssp245,access-cm2
2069,23.95779356060606,2437.0868281257463,ssp245,inm-cm5-0
2069,25.148626893939394,1987.6620874415607,ssp245,miroc6
2069,24.13569128787879,2119.3644496391403,ssp245,mpi-esm1-2-hr
2069,25.654176136363635,1532.5123024460547,ssp245,noresm2-mm
2069,25.97974431818182,1886.664337154494,ssp370,access-cm2
2069,24.33446022727273,2226.6834454901777,ssp370,inm-cm5-0
2069,25.411960227272726,1680.0374537969076,ssp370,miroc6
2069,25.41402462121212,1867.876204399958,ssp370,mpi-esm1-2-hr
2069,24.976676136363636,1447.18903981615,ssp370,noresm2-mm
2069,27.18557765151515,1925.584645488116,ssp585,access-cm2
2069,25.50529356060606,2392.6056608190906,ssp585,inm-cm5-0
2069,26.881960227272724,1535.1051496395141,ssp585,miroc6
2069,25.991524621212122,1676.3071822450788,ssp585,mpi-esm1-2-hr
2069,25.640842803030306,1788.3271773629747,ssp585,noresm2-mm
2070,24.59057765151515,1818.0664335313481,ssp126,access-cm2
2070,23.761126893939394,1910.1717690686733,ssp126,inm-cm5-0
2070,24.55862689393939,1760.9036543828606,ssp126,miroc6
2070,24.126524621212123,1633.8876877816117,ssp126,mpi-esm1-2-hr
2070,24.357509469696968,2100.5509517545133,ssp126,noresm2-mm
2070,24.94474431818182,1789.2609536764464,ssp245,access-cm2
2070,24.341960227272725,1367.8005573692212,ssp245,inm-cm5-0
2070,25.23779356060606,1917.2587840891545,ssp245,miroc6
2070,24.35402462121212,1572.936364408533,ssp245,mpi-esm1-2-hr
2070,24.764176136363634,2010.5132075347478,ssp245,noresm2-mm
2070,25.93974431818182,1869.8324877827822,ssp370,access-cm2
2070,24.89529356060606,1895.9034818591217,ssp370,inm-cm5-0
2070,25.523626893939394,1563.2973722636711,ssp370,miroc6
2070,24.704857954545457,1800.8233152874234,ssp370,mpi-esm1-2-hr
2070,24.965842803030302,1733.6379304345464,ssp370,noresm2-mm
2070,26.836410984848484,1762.3030607405665,ssp585,access-cm2
2070,24.53696022727273,2557.3839626828176,ssp585,inm-cm5-0
2070,26.801960227272726,2065.8827638301073,ssp585,miroc6
2070,25.45152462121212,2189.297047492996,ssp585,mpi-esm1-2-hr
2070,26.1033428030303,2002.2137537987326,ssp585,noresm2-mm
2071,25.146410984848483,1875.602608807781,ssp126,access-cm2
2071,24.351126893939394,1709.2336526924944,ssp126,inm-cm5-0
2071,24.486126893939396,2135.86768116994,ssp126,miroc6
2071,23.649857954545453,2417.7570503743714,ssp126,mpi-esm1-2-hr
2071,24.28500946969697,1826.0353752725605,ssp126,noresm2-mm
2071,25.289744318181818,2168.3474445869615,ssp245,access-cm2
2071,23.788626893939394,1992.4493368095254,ssp245,inm-cm5-0
2071,24.93029356060606,1337.7524080206258,ssp245,miroc6
2071,25.87152462121212,1540.0942989293635,ssp245,mpi-esm1-2-hr
2071,24.160842803030302,2276.8747354876828,ssp245,noresm2-mm
2071,26.106410984848484,1541.3884809739625,ssp370,access-cm2
2071,25.125293560606057,2088.1833929646755,ssp370,inm-cm5-0
2071,24.193626893939392,1891.9980783399924,ssp370,miroc6
2071,24.95152462121212,2443.373884694694,ssp370,mpi-esm1-2-hr
2071,24.581676136363637,2056.168775168317,ssp370,noresm2-mm
2071,27.568077651515154,1893.420073412845,ssp585,access-cm2
2071,25.206126893939395,1980.2503319107645,ssp585,inm-cm5-0
2071,25.121960227272726,1968.0140398785845,ssp585,miroc6
2071,26.24402462121212,1902.8798195330671,ssp585,mpi-esm1-2-hr
2071,25.3108428030303,1978.979878103595,ssp585,noresm2-mm
2072,24.16224431818182,2009.9616945908222,ssp126,access-cm2
2072,24.323626893939394,1718.4297294664757,ssp126,inm-cm5-0
2072,24.83446022727273,1837.7036502333833,ssp126,miroc6
2072,24.08902462121212,1971.9151673333095,ssp126,mpi-esm1-2-hr
2072,24.226676136363636,2505.5967102623167,ssp126,noresm2-mm
2072,25.893910984848485,1580.2285993016828,ssp245,access-cm2
2072,24.16279356060606,1700.4852956872921,ssp245,inm-cm5-0
2072,25.793626893939393,1988.8590379481811,ssp245,miroc6
2072,24.56652462121212,1962.5366419027507,ssp245,mpi-esm1-2-hr
2072,24.436676136363634,2231.1089276108983,ssp245,noresm2-mm
2072,26.106410984848484,1748.2886702525352,ssp370,access-cm2
2072,24.201960227272725,2043.7295280766098,ssp370,inm-cm5-0
2072,23.95362689393939,2625.9997073592176,ssp370,miroc6
2072,25.198191287878785,1609.2254050868335,ssp370,mpi-esm1-2-hr
2072,25.567509469696972,1699.9692570727982,ssp370,noresm2-mm
2072,27.254744318181817,2109.712769002959,ssp585,access-cm2
2072,25.443626893939395,2080.9291772794295,ssp585,inm-cm5-0
2072,25.72279356060606,1900.339418081272,ssp585,miroc6
2072,26.424024621212123,1603.6843178819458,ssp585,mpi-esm1-2-hr
2072,25.7908428030303,2155.474564170895,ssp585,noresm2-mm
2073,24.378910984848485,1876.0055364283644,ssp126,access-cm2
2073,23.98779356060606,1749.0068303002813,ssp126,inm-cm5-0
2073,25.235293560606056,1390.5560997913892,ssp126,miroc6
2073,23.525691287878786,2015.9494476960333,ssp126,mpi-esm1-2-hr
2073,23.823342803030304,1771.3303256741913,ssp126,noresm2-mm
2073,25.615577651515153,2041.7257217812992,ssp245,access-cm2
2073,25.374460227272724,2165.479058092404,ssp245,inm-cm5-0
2073,25.43862689393939,1973.5690463594055,ssp245,miroc6
2073,24.55652462121212,1754.414355771446,ssp245,mpi-esm1-2-hr
2073,25.87667613636364,1712.4880613309415,ssp245,noresm2-mm
2073,25.607244318181817,2206.793632603981,ssp370,access-cm2
2073,23.886960227272727,1920.7136473524274,ssp370,inm-cm5-0
2073,25.37779356060606,1643.4884072650098,ssp370,miroc6
2073,25.31152462121212,1961.3407541329373,ssp370,mpi-esm1-2-hr
2073,24.870842803030303,1782.0135981447856,ssp370,noresm2-mm
2073,27.221410984848486,1692.009673989066,ssp585,access-cm2
2073,25.101126893939394,2362.251216021771,ssp585,inm-cm5-0
2073,25.938626893939396,1911.510065769585,ssp585,miroc6
2073,26.289857954545454,1793.900811061929,ssp585,mpi-esm1-2-hr
2073,26.215842803030302,1673.59880978535,ssp585,noresm2-mm
2074,24.929744318181818,2167.3631880064436,ssp126,access-cm2
2074,23.58862689393939,2139.21734487209,ssp126,inm-cm5-0
2074,25.530293560606058,1680.1246130630523,ssp126,miroc6
2074,24.299857954545455,1898.528068742741,ssp126,mpi-esm1-2-hr
2074,24.051676136363636,1829.3874377784896,ssp126,noresm2-mm
2074,25.953910984848488,2074.9027264926535,ssp245,access-cm2
2074,23.571960227272726,2398.432408922352,ssp245,inm-cm5-0
2074,24.486126893939396,1824.3729937545363,ssp245,miroc6
2074,24.492357954545454,1937.2472964923368,ssp245,mpi-esm1-2-hr
2074,25.488342803030303,1703.9940346906956,ssp245,noresm2-mm
2074,26.287244318181816,1205.08668746455,ssp370,access-cm2
2074,24.631126893939392,2122.455553490486,ssp370,inm-cm5-0
2074,25.74862689393939,1717.5905166698344,ssp370,miroc6
2074,25.848191287878787,1770.396740358629,ssp370,mpi-esm1-2-hr
2074,25.096676136363637,1640.109480863329,ssp370,noresm2-mm
2074,27.563077651515147,2044.7918249868167,ssp585,access-cm2
2074,25.01612689393939,2249.7868179477828,ssp585,inm-cm5-0
2074,26.131960227272728,1505.0899381996833,ssp585,miroc6
2074,26.06819128787879,2645.1126592814494,ssp585,mpi-esm1-2-hr
2074,25.845009469696972,1684.3458935314131,ssp585,noresm2-mm
2075,24.323910984848485,1912.881306558506,ssp126,access-cm2
2075,24.631126893939395,1707.2874033367746,ssp126,inm-cm5-0
2075,24.706126893939395,1947.419473600676,ssp126,miroc6
2075,24.770691287878787,1876.5225508531314,ssp126,mpi-esm1-2-hr
2075,24.34750946969697,1665.2811689223918,ssp126,noresm2-mm
2075,25.92141098484849,1613.6079907822234,ssp245,access-cm2
2075,24.433626893939394,2003.624743995542,ssp245,inm-cm5-0
2075,24.263626893939392,2196.4837367609202,ssp245,miroc6
2075,24.87402462121212,1940.8863573762421,ssp245,mpi-esm1-2-hr
2075,24.761676136363636,1683.2883129538852,ssp245,noresm2-mm
2075,26.663077651515152,1668.3219489011167,ssp370,access-cm2
2075,24.276960227272728,1794.5535542500863,ssp370,inm-cm5-0
2075,25.364460227272726,1950.0467958093498,ssp370,miroc6
2075,25.174024621212123,2023.5730865430758,ssp370,mpi-esm1-2-hr
2075,25.316676136363636,2171.0035967573094,ssp370,noresm2-mm
2075,27.274744318181817,1869.330557047393,ssp585,access-cm2
2075,25.223626893939393,2614.6448552481675,ssp585,inm-cm5-0
2075,26.59779356060606,1826.0981802568147,ssp585,miroc6
2075,24.839024621212122,1671.8502000636788,ssp585,mpi-esm1-2-hr
2075,25.854176136363638,1771.71730047366,ssp585,noresm2-mm
2076,24.880577651515154,2300.309653540223,ssp126,access-cm2
2076,24.02529356060606,2406.290645070895,ssp126,inm-cm5-0
2076,25.000293560606057,1799.1613485762039,ssp126,miroc6
2076,24.383191287878788,2413.170058284277,ssp126,mpi-esm1-2-hr
2076,24.180842803030302,2229.901366395281,ssp126,noresm2-mm
2076,25.93224431818182,1912.388048103332,ssp245,access-cm2
2076,24.54612689393939,2283.5743830212286,ssp245,inm-cm5-0
2076,25.532793560606063,1624.943853271306,ssp245,miroc6
2076,24.730691287878788,1794.9270109587876,ssp245,mpi-esm1-2-hr
2076,25.669176136363635,2227.323990868832,ssp245,noresm2-mm
2076,26.337244318181817,1614.6219973501939,ssp370,access-cm2
2076,25.016126893939397,2387.5288263627194,ssp370,inm-cm5-0
2076,26.091960227272725,1307.2937909335626,ssp370,miroc6
2076,25.668191287878788,1687.79530888524,ssp370,mpi-esm1-2-hr
2076,25.7008428030303,1925.6993684206923,ssp370,noresm2-mm
2076,28.00224431818182,1920.8107929962698,ssp585,access-cm2
2076,24.76612689393939,2298.0115200487876,ssp585,inm-cm5-0
2076,25.827793560606057,2244.1894539952964,ssp585,miroc6
2076,25.865691287878786,2064.6947863338464,ssp585,mpi-esm1-2-hr
2076,26.424176136363638,1887.3951073556746,ssp585,noresm2-mm
2077,24.896410984848487,2121.5496082341933,ssp126,access-cm2
2077,23.33446022727273,1976.8820022270359,ssp126,inm-cm5-0
2077,25.801126893939394,1834.0093284926063,ssp126,miroc6
2077,23.633191287878788,2018.3105390891405,ssp126,mpi-esm1-2-hr
2077,24.14250946969697,1956.1649856965544,ssp126,noresm2-mm
2077,25.125577651515155,1896.0718004870423,ssp245,access-cm2
2077,24.81446022727273,2351.3212209484086,ssp245,inm-cm5-0
2077,25.655293560606058,1672.6800962875166,ssp245,miroc6
2077,25.58902462121212,1789.689234296413,ssp245,mpi-esm1-2-hr
2077,24.980842803030303,2052.106577390979,ssp245,noresm2-mm
2077,27.203077651515148,1455.5697084014255,ssp370,access-cm2
2077,24.56112689393939,1907.7348126873196,ssp370,inm-cm5-0
2077,26.759460227272726,1494.0521418717574,ssp370,miroc6
2077,25.342357954545452,2035.5663853090841,ssp370,mpi-esm1-2-hr
2077,24.69000946969697,1947.5119533096565,ssp370,noresm2-mm
2077,27.151410984848486,2221.014752904885,ssp585,access-cm2
2077,24.72779356060606,1886.0326926182738,ssp585,inm-cm5-0
2077,25.33446022727273,1788.968092178181,ssp585,miroc6
2077,25.51819128787879,2250.367452253792,ssp585,mpi-esm1-2-hr
2077,26.41250946969697,1963.2600492605352,ssp585,noresm2-mm
2078,25.36557765151515,1595.2380614199778,ssp126,access-cm2
2078,24.194460227272728,1927.60274908732,ssp126,inm-cm5-0
2078,25.62696022727273,1443.4360046254226,ssp126,miroc6
2078,23.83902462121212,2071.066913720153,ssp126,mpi-esm1-2-hr
2078,24.485009469696973,2183.230784594638,ssp126,noresm2-mm
2078,25.461410984848484,1728.182419043077,ssp245,access-cm2
2078,23.759460227272726,1980.0091568547864,ssp245,inm-cm5-0
2078,25.34362689393939,1761.792343793506,ssp245,miroc6
2078,24.260691287878785,1754.3588895189873,ssp245,mpi-esm1-2-hr
2078,24.519176136363637,2253.1835830380373,ssp245,noresm2-mm
2078,27.023910984848484,1872.7234217616149,ssp370,access-cm2
2078,25.316960227272727,1931.392263553979,ssp370,inm-cm5-0
2078,25.946960227272726,1974.1746659673906,ssp370,miroc6
2078,25.578191287878784,2120.7597564385283,ssp370,mpi-esm1-2-hr
2078,24.23000946969697,2202.783397972312,ssp370,noresm2-mm
2078,27.51141098484848,1789.3343108246029,ssp585,access-cm2
2078,25.121960227272726,2477.7229378576844,ssp585,inm-cm5-0
2078,25.401960227272724,1884.831555054293,ssp585,miroc6
2078,25.477357954545454,2054.282709525905,ssp585,mpi-esm1-2-hr
2078,25.697509469696968,1940.6724158920188,ssp585,noresm2-mm
2079,25.033077651515153,1828.7507043164712,ssp126,access-cm2
2079,23.823626893939394,2352.7684050597127,ssp126,inm-cm5-0
2079,24.78112689393939,1795.9117593190836,ssp126,miroc6
2079,24.989857954545453,1682.4375104807193,ssp126,mpi-esm1-2-hr
2079,24.366676136363637,2311.2753973754366,ssp126,noresm2-mm
2079,26.193910984848486,1920.4438712810659,ssp245,access-cm2
2079,24.05529356060606,1895.7117158498654,ssp245,inm-cm5-0
2079,24.934460227272726,1707.0895856417924,ssp245,miroc6
2079,24.424857954545455,2372.3704268118518,ssp245,mpi-esm1-2-hr
2079,25.67750946969697,1850.03911395338,ssp245,noresm2-mm
2079,27.063077651515155,1834.846386629778,ssp370,access-cm2
2079,24.71862689393939,1880.1556501735686,ssp370,inm-cm5-0
2079,25.746126893939394,1672.8515464626025,ssp370,miroc6
2079,24.762357954545454,1856.6155487017832,ssp370,mpi-esm1-2-hr
2079,25.133342803030303,1651.5586503653049,ssp370,noresm2-mm
2079,27.269744318181818,2014.06507185145,ssp585,access-cm2
2079,26.036126893939393,2429.1995247930977,ssp585,inm-cm5-0
2079,26.25529356060606,1637.6800153251304,ssp585,miroc6
2079,25.718191287878785,1914.013585767949,ssp585,mpi-esm1-2-hr
2079,26.19000946969697,1929.7149995543787,ssp585,noresm2-mm
2080,24.457244318181818,1900.29504775848,ssp126,access-cm2
2080,23.743626893939393,2052.961761802506,ssp126,inm-cm5-0
2080,25.288626893939394,1545.0817246980484,ssp126,miroc6
2080,24.10152462121212,2108.301881743044,ssp126,mpi-esm1-2-hr
2080,24.381676136363637,1974.7795784446678,ssp126,noresm2-mm
2080,25.494744318181816,1899.3399157118977,ssp245,access-cm2
2080,24.60862689393939,2640.952014820975,ssp245,inm-cm5-0
2080,25.051960227272726,1695.4465346848508,ssp245,miroc6
2080,25.02152462121212,1363.0519640046753,ssp245,mpi-esm1-2-hr
2080,25.005009469696972,1786.1008900696454,ssp245,noresm2-mm
2080,26.78724431818182,1692.8790096085368,ssp370,access-cm2
2080,24.34029356060606,1875.9485796173078,ssp370,inm-cm5-0
2080,26.068626893939395,1983.8579813286442,ssp370,miroc6
2080,25.80819128787879,1541.7056941776314,ssp370,mpi-esm1-2-hr
2080,26.1083428030303,2057.080732627273,ssp370,noresm2-mm
2080,27.952244318181815,1692.244357344939,ssp585,access-cm2
2080,25.518626893939395,2505.0843252581167,ssp585,inm-cm5-0
2080,27.366960227272727,1719.1087410953603,ssp585,miroc6
2080,25.988191287878788,1752.6691119829243,ssp585,mpi-esm1-2-hr
2080,26.77250946969697,1911.5915995039,ssp585,noresm2-mm
2081,24.96474431818182,2085.902542060903,ssp126,access-cm2
2081,24.15029356060606,1912.328393123657,ssp126,inm-cm5-0
2081,25.104460227272725,1300.2132178288914,ssp126,miroc6
2081,23.90402462121212,1831.7999602696289,ssp126,mpi-esm1-2-hr
2081,24.29000946969697,1912.320219434156,ssp126,noresm2-mm
2081,25.946410984848484,1769.3558462626902,ssp245,access-cm2
2081,25.068626893939395,2677.519955675257,ssp245,inm-cm5-0
2081,25.894460227272727,1624.1466621748052,ssp245,miroc6
2081,25.153191287878787,1654.2757543625164,ssp245,mpi-esm1-2-hr
2081,24.528342803030302,2451.2967587703756,ssp245,noresm2-mm
2081,26.946410984848484,2190.343695338114,ssp370,access-cm2
2081,25.126126893939396,1997.6006942563965,ssp370,inm-cm5-0
2081,25.18612689393939,1992.7127610504967,ssp370,miroc6
2081,25.430691287878787,2155.477201242604,ssp370,mpi-esm1-2-hr
2081,25.49500946969697,1623.2543222876157,ssp370,noresm2-mm
2081,27.375577651515155,1887.8942849073237,ssp585,access-cm2
2081,25.433626893939394,2558.1224695927463,ssp585,inm-cm5-0
2081,25.995293560606058,2985.0684826166616,ssp585,miroc6
2081,26.314857954545456,2236.0951475716024,ssp585,mpi-esm1-2-hr
2081,26.76667613636364,1656.180963091162,ssp585,noresm2-mm
2082,25.568910984848486,1834.9631921919429,ssp126,access-cm2
2082,23.97779356060606,1771.6554674108083,ssp126,inm-cm5-0
2082,25.763626893939392,1640.1788391714933,ssp126,miroc6
2082,23.794857954545453,1998.2482524701447,ssp126,mpi-esm1-2-hr
2082,24.66000946969697,1637.7010928325897,ssp126,noresm2-mm
2082,25.333910984848487,2289.046758094084,ssp245,access-cm2
2082,24.014460227272725,1839.0506290981255,ssp245,inm-cm5-0
2082,25.369460227272725,2203.170556008113,ssp245,miroc6
2082,25.793191287878788,1778.652161944147,ssp245,mpi-esm1-2-hr
2082,24.68500946969697,1907.163828024189,ssp245,noresm2-mm
2082,26.628077651515152,1827.2170842820071,ssp370,access-cm2
2082,24.764460227272725,2061.8050917328787,ssp370,inm-cm5-0
2082,25.301126893939394,1706.0899673103904,ssp370,miroc6
2082,24.89902462121212,2424.0912337978407,ssp370,mpi-esm1-2-hr
2082,25.217509469696967,1896.300221042678,ssp370,noresm2-mm
2082,28.398077651515152,1629.6497914513748,ssp585,access-cm2
2082,25.937793560606057,2218.4524163045635,ssp585,inm-cm5-0
2082,26.139460227272725,1894.5904790715583,ssp585,miroc6
2082,26.251524621212123,2111.6338589493957,ssp585,mpi-esm1-2-hr
2082,26.625842803030306,1784.7684490066538,ssp585,noresm2-mm
2083,24.658910984848486,1949.4586389840788,ssp126,access-cm2
2083,23.84362689393939,2022.720322002975,ssp126,inm-cm5-0
2083,24.916126893939392,1967.9422513570164,ssp126,miroc6
2083,23.734857954545458,2371.063830958515,ssp126,mpi-esm1-2-hr
2083,24.128342803030304,2230.3474300420394,ssp126,noresm2-mm
2083,26.353910984848483,1545.222841980102,ssp245,access-cm2
2083,24.97279356060606,2088.8672921349316,ssp245,inm-cm5-0
2083,25.34446022727273,2077.4702143087006,ssp245,miroc6
2083,24.37485795454545,1993.220240862515,ssp245,mpi-esm1-2-hr
2083,24.83750946969697,1909.9640489693945,ssp245,noresm2-mm
2083,27.51724431818182,1487.1255001176082,ssp370,access-cm2
2083,25.368626893939393,2398.8634759716288,ssp370,inm-cm5-0
2083,25.098626893939393,1663.6582094845144,ssp370,miroc6
2083,25.47069128787879,2091.9675236468356,ssp370,mpi-esm1-2-hr
2083,25.695842803030303,1387.6220667647249,ssp370,noresm2-mm
2083,27.74474431818182,1742.7019007264157,ssp585,access-cm2
2083,25.068626893939392,2132.8552773860624,ssp585,inm-cm5-0
2083,25.961126893939394,1929.098922189712,ssp585,miroc6
2083,26.053191287878786,2201.7972029888238,ssp585,mpi-esm1-2-hr
2083,27.054176136363637,1764.389361038021,ssp585,noresm2-mm
2084,24.878077651515152,1711.4537275103175,ssp126,access-cm2
2084,23.89696022727273,1637.6201912230895,ssp126,inm-cm5-0
2084,24.35862689393939,2177.241888174991,ssp126,miroc6
2084,23.418191287878788,2025.2275556835173,ssp126,mpi-esm1-2-hr
2084,24.460842803030303,1680.0625549280655,ssp126,noresm2-mm
2084,25.586410984848484,2023.3337759746767,ssp245,access-cm2
2084,24.464460227272728,2359.764094158214,ssp245,inm-cm5-0
2084,24.69529356060606,1984.6559869566147,ssp245,miroc6
2084,24.362357954545455,1960.2754564517793,ssp245,mpi-esm1-2-hr
2084,25.523342803030303,1621.9216582411382,ssp245,noresm2-mm
2084,27.384744318181816,2360.422968004375,ssp370,access-cm2
2084,24.60279356060606,2109.4978433641104,ssp370,inm-cm5-0
2084,26.36279356060606,1652.953715463981,ssp370,miroc6
2084,25.39902462121212,1896.6404652756305,ssp370,mpi-esm1-2-hr
2084,24.74500946969697,2339.50258281972,ssp370,noresm2-mm
2084,28.663910984848485,2054.578761813035,ssp585,access-cm2
2084,24.856126893939393,1901.8248357849684,ssp585,inm-cm5-0
2084,26.443626893939392,1652.76332076422,ssp585,miroc6
2084,25.864857954545453,2190.0249266991564,ssp585,mpi-esm1-2-hr
2084,27.026676136363633,1841.2522222508935,ssp585,noresm2-mm
2085,24.823910984848485,1656.5393609220564,ssp126,access-cm2
2085,24.42446022727273,2139.917713626391,ssp126,inm-cm5-0
2085,24.678626893939395,2003.2991713026965,ssp126,miroc6
2085,23.468191287878785,2026.2871982506674,ssp126,mpi-esm1-2-hr
2085,24.276676136363637,2193.055544508353,ssp126,noresm2-mm
2085,26.179744318181818,1780.3569303050683,ssp245,access-cm2
2085,24.41529356060606,1798.2390853445443,ssp245,inm-cm5-0
2085,24.551960227272726,2163.766672514495,ssp245,miroc6
2085,24.732357954545453,1950.6074594007407,ssp245,mpi-esm1-2-hr
2085,25.401676136363637,1895.2264297573465,ssp245,noresm2-mm
2085,26.576410984848483,2182.6123356607677,ssp370,access-cm2
2085,24.98362689393939,1603.0541976604075,ssp370,inm-cm5-0
2085,25.331126893939395,2047.1416780387192,ssp370,miroc6
2085,25.069857954545455,1965.1788282858738,ssp370,mpi-esm1-2-hr
2085,25.231676136363635,2321.4191166836063,ssp370,noresm2-mm
2085,28.408077651515153,1527.0717285548596,ssp585,access-cm2
2085,25.783626893939395,2011.2481796099726,ssp585,inm-cm5-0
2085,26.654460227272725,2290.45600405147,ssp585,miroc6
2085,25.96652462121212,2430.44225828493,ssp585,mpi-esm1-2-hr
2085,26.946676136363635,1947.5721341646527,ssp585,noresm2-mm
2086,25.40641098484848,1530.3767625788068,ssp126,access-cm2
2086,23.77529356060606,2395.002144565375,ssp126,inm-cm5-0
2086,25.74279356060606,2005.3748777217445,ssp126,miroc6
2086,23.429024621212122,2289.693794872991,ssp126,mpi-esm1-2-hr
2086,24.089176136363637,2385.1813919533824,ssp126,noresm2-mm
2086,25.58307765151515,2280.573162716397,ssp245,access-cm2
2086,23.886960227272727,1827.2561394602499,ssp245,inm-cm5-0
2086,24.88029356060606,1849.1652713884798,ssp245,miroc6
2086,25.27902462121212,1939.7742784367751,ssp245,mpi-esm1-2-hr
2086,25.519176136363637,1948.308912109746,ssp245,noresm2-mm
2086,26.497244318181817,2025.5708644904562,ssp370,access-cm2
2086,25.15279356060606,2425.208982499801,ssp370,inm-cm5-0
2086,25.663626893939394,1433.5814882740624,ssp370,miroc6
2086,25.22652462121212,2086.0194738482282,ssp370,mpi-esm1-2-hr
2086,25.37750946969697,2496.3838921085107,ssp370,noresm2-mm
2086,28.578077651515148,1997.8598647762178,ssp585,access-cm2
2086,24.88279356060606,1736.3971697264,ssp585,inm-cm5-0
2086,27.056960227272725,1736.5847394006018,ssp585,miroc6
2086,26.064857954545456,1955.5607093387537,ssp585,mpi-esm1-2-hr
2086,27.811676136363634,1577.891455265851,ssp585,noresm2-mm
2087,25.53474431818182,2094.5764119933765,ssp126,access-cm2
2087,24.543626893939393,1719.4626912700328,ssp126,inm-cm5-0
2087,24.459460227272725,2071.5216533185376,ssp126,miroc6
2087,23.855691287878788,2401.7420104760977,ssp126,mpi-esm1-2-hr
2087,23.72750946969697,1796.2510435814352,ssp126,noresm2-mm
2087,25.94891098484848,1789.7676690619899,ssp245,access-cm2
2087,24.65279356060606,1986.6627056473194,ssp245,inm-cm5-0
2087,25.779460227272725,1747.2782049648492,ssp245,miroc6
2087,24.962357954545453,1929.7428382512985,ssp245,mpi-esm1-2-hr
2087,25.566676136363636,1860.8048754070956,ssp245,noresm2-mm
2087,27.407244318181814,1936.6464543962381,ssp370,access-cm2
2087,24.39696022727273,2238.807209841663,ssp370,inm-cm5-0
2087,26.24279356060606,1668.6676811161542,ssp370,miroc6
2087,24.870691287878785,2177.2600442638113,ssp370,mpi-esm1-2-hr
2087,25.20750946969697,1932.5137921259902,ssp370,noresm2-mm
2087,28.797244318181814,1513.6181791962717,ssp585,access-cm2
2087,25.19279356060606,2523.3071669753454,ssp585,inm-cm5-0
2087,26.816960227272727,1783.8139747434504,ssp585,miroc6
2087,26.35152462121212,2291.851315074671,ssp585,mpi-esm1-2-hr
2087,27.692509469696972,1574.3444198120087,ssp585,noresm2-mm
2088,25.02724431818182,1780.3784854888563,ssp126,access-cm2
2088,24.26279356060606,2412.8674269109733,ssp126,inm-cm5-0
2088,23.643626893939395,1794.3997796631704,ssp126,miroc6
2088,24.002357954545456,1678.125198782998,ssp126,mpi-esm1-2-hr
2088,23.61500946969697,2255.813570435815,ssp126,noresm2-mm
2088,26.148077651515152,1857.6016880163602,ssp245,access-cm2
2088,24.573626893939394,2739.931225882258,ssp245,inm-cm5-0
2088,25.846126893939395,1778.4489210587742,ssp245,miroc6
2088,25.770691287878787,1589.2037446126799,ssp245,mpi-esm1-2-hr
2088,25.884176136363635,1196.5204934914289,ssp245,noresm2-mm
2088,27.684744318181817,1534.9422206513725,ssp370,access-cm2
2088,25.63029356060606,1578.6453331414039,ssp370,inm-cm5-0
2088,27.033626893939395,1540.0088410796977,ssp370,miroc6
2088,24.587357954545453,2097.9392430371745,ssp370,mpi-esm1-2-hr
2088,25.799176136363638,2378.130985623018,ssp370,noresm2-mm
2088,28.408077651515146,2600.2601600354456,ssp585,access-cm2
2088,25.223626893939393,1941.4232177087408,ssp585,inm-cm5-0
2088,27.115293560606062,1576.247595923178,ssp585,miroc6
2088,26.91402462121212,2000.5304092933222,ssp585,mpi-esm1-2-hr
2088,27.245842803030303,1940.1116222538346,ssp585,noresm2-mm
2089,24.794744318181817,1999.637915246574,ssp126,access-cm2
2089,24.017793560606062,2303.6964995779576,ssp126,inm-cm5-0
2089,24.639460227272725,1790.0495286856276,ssp126,miroc6
2089,24.10652462121212,1944.0198551209469,ssp126,mpi-esm1-2-hr
2089,24.484176136363633,1763.523676223475,ssp126,noresm2-mm
2089,25.933077651515152,1682.5804316150015,ssp245,access-cm2
2089,24.427793560606062,2060.93578948509,ssp245,inm-cm5-0
2089,24.888626893939392,2172.7569713794,ssp245,miroc6
2089,25.429857954545454,1928.8592888963467,ssp245,mpi-esm1-2-hr
2089,25.851676136363636,2032.1940391100675,ssp245,noresm2-mm
2089,27.95974431818182,2000.4524487062192,ssp370,access-cm2
2089,25.033626893939395,2004.3933297432823,ssp370,inm-cm5-0
2089,26.12362689393939,1709.6003905734012,ssp370,miroc6
2089,26.342357954545452,1538.1549940967748,ssp370,mpi-esm1-2-hr
2089,25.91167613636364,1779.7697569660565,ssp370,noresm2-mm
2089,28.268910984848485,2593.340321120235,ssp585,access-cm2
2089,25.703626893939397,2144.9003093618308,ssp585,inm-cm5-0
2089,27.59362689393939,2262.620976393224,ssp585,miroc6
2089,26.26902462121212,2057.3259166254256,ssp585,mpi-esm1-2-hr
2089,27.386676136363636,1915.7610971224415,ssp585,noresm2-mm
2090,24.919744318181817,1953.5726934162694,ssp126,access-cm2
2090,24.156126893939398,2070.8125508965627,ssp126,inm-cm5-0
2090,24.577793560606057,1984.2385889994252,ssp126,miroc6
2090,23.524857954545453,1787.7246732940705,ssp126,mpi-esm1-2-hr
2090,24.574176136363636,2502.4486619794857,ssp126,noresm2-mm
2090,25.676410984848484,1978.3296329336015,ssp245,access-cm2
2090,24.60529356060606,1879.5602030688076,ssp245,inm-cm5-0
2090,26.081960227272727,1903.624336107342,ssp245,miroc6
2090,25.14402462121212,1867.7869357040097,ssp245,mpi-esm1-2-hr
2090,25.282509469696972,1879.015977946993,ssp245,noresm2-mm
2090,26.961410984848484,1555.399135783088,ssp370,access-cm2
2090,24.601126893939394,2335.1166886941196,ssp370,inm-cm5-0
2090,26.53779356060606,1132.4437601285056,ssp370,miroc6
2090,26.24402462121212,1930.5591472503218,ssp370,mpi-esm1-2-hr
2090,26.143342803030304,2114.291562473102,ssp370,noresm2-mm
2090,28.727244318181818,1973.2817405263122,ssp585,access-cm2
2090,25.77612689393939,2457.0854808314875,ssp585,inm-cm5-0
2090,27.501126893939396,2342.8999071058197,ssp585,miroc6
2090,26.257357954545455,1935.001130199128,ssp585,mpi-esm1-2-hr
2090,27.657509469696972,1680.4934411219351,ssp585,noresm2-mm
2091,25.039744318181818,1645.039873283621,ssp126,access-cm2
2091,23.85862689393939,1644.8827830967516,ssp126,inm-cm5-0
2091,24.47279356060606,1957.4191611532347,ssp126,miroc6
2091,23.46152462121212,2110.6648001576427,ssp126,mpi-esm1-2-hr
2091,24.65000946969697,1662.8192468798768,ssp126,noresm2-mm
2091,25.949744318181818,2436.0049345285765,ssp245,access-cm2
2091,24.648626893939394,2414.710336012468,ssp245,inm-cm5-0
2091,25.181126893939393,1948.620577257002,ssp245,miroc6
2091,25.525691287878786,1941.4369500574076,ssp245,mpi-esm1-2-hr
2091,24.87750946969697,2022.465944665963,ssp245,noresm2-mm
2091,27.021410984848483,1890.6120888907562,ssp370,access-cm2
2091,25.076960227272725,2163.9968736799005,ssp370,inm-cm5-0
2091,27.621960227272726,1745.969729627447,ssp370,miroc6
2091,25.77152462121212,2257.2662507398204,ssp370,mpi-esm1-2-hr
2091,25.91000946969697,2392.7942010045745,ssp370,noresm2-mm
2091,28.698910984848485,1986.1787239297491,ssp585,access-cm2
2091,25.87279356060606,2285.966777967947,ssp585,inm-cm5-0
2091,26.854460227272725,1898.1162824301937,ssp585,miroc6
2091,27.040691287878786,2018.0169255783517,ssp585,mpi-esm1-2-hr
2091,26.945842803030303,2270.7720413727916,ssp585,noresm2-mm
2092,25.751410984848487,1631.097535354516,ssp126,access-cm2
2092,24.32029356060606,1645.0021647049934,ssp126,inm-cm5-0
2092,24.576126893939392,2030.8623032079752,ssp126,miroc6
2092,23.72652462121212,1809.0751784429833,ssp126,mpi-esm1-2-hr
2092,23.93917613636364,2623.866486783232,ssp126,noresm2-mm
2092,25.97807765151515,1388.4431679815716,ssp245,access-cm2
2092,24.62279356060606,2137.7397427285746,ssp245,inm-cm5-0
2092,26.40612689393939,1790.5939660951437,ssp245,miroc6
2092,24.429857954545454,2464.3556750522107,ssp245,mpi-esm1-2-hr
2092,25.49750946969697,1638.2200929181818,ssp245,noresm2-mm
2092,27.779744318181816,1899.027346415921,ssp370,access-cm2
2092,25.076126893939392,2078.92065988961,ssp370,inm-cm5-0
2092,26.921960227272724,1860.1086961013395,ssp370,miroc6
2092,25.657357954545457,1864.1000820129648,ssp370,mpi-esm1-2-hr
2092,25.775842803030304,1830.4331736601446,ssp370,noresm2-mm
2092,29.184744318181817,1753.7504003605038,ssp585,access-cm2
2092,25.441960227272727,2063.63750593757,ssp585,inm-cm5-0
2092,27.47529356060606,1439.5172962440508,ssp585,miroc6
2092,27.02152462121212,2015.9156555496636,ssp585,mpi-esm1-2-hr
2092,27.025842803030304,1955.1221387588366,ssp585,noresm2-mm
2093,25.192244318181817,1501.6451382021967,ssp126,access-cm2
2093,23.92029356060606,1680.9030612126244,ssp126,inm-cm5-0
2093,24.621960227272726,2133.918729897925,ssp126,miroc6
2093,23.357357954545453,2101.284796111885,ssp126,mpi-esm1-2-hr
2093,24.195842803030303,1686.2433596804553,ssp126,noresm2-mm
2093,25.883910984848484,1742.3251627206832,ssp245,access-cm2
2093,24.743626893939393,1820.9949507816375,ssp245,inm-cm5-0
2093,25.432793560606058,1966.8819117870812,ssp245,miroc6
2093,24.619857954545452,1869.4084673211896,ssp245,mpi-esm1-2-hr
2093,24.944176136363637,2268.853166277953,ssp245,noresm2-mm
2093,27.857244318181817,1586.506197392389,ssp370,access-cm2
2093,25.398626893939394,1816.6408783388888,ssp370,inm-cm5-0
2093,26.271126893939392,1701.857671812693,ssp370,miroc6
2093,25.059857954545453,1844.6202101766526,ssp370,mpi-esm1-2-hr
2093,25.433342803030303,2102.445492629466,ssp370,noresm2-mm
2093,28.637244318181818,2059.3167092020713,ssp585,access-cm2
2093,25.649460227272726,2281.15175627189,ssp585,inm-cm5-0
2093,27.531960227272723,1775.9667899233332,ssp585,miroc6
2093,27.465691287878787,1986.742209858162,ssp585,mpi-esm1-2-hr
2093,27.523342803030303,1462.6233084795263,ssp585,noresm2-mm
2094,25.66224431818182,1719.483383301992,ssp126,access-cm2
2094,24.20946022727273,2114.397543139644,ssp126,inm-cm5-0
2094,24.026960227272724,2479.7721683947466,ssp126,miroc6
2094,24.171524621212118,1966.246695635415,ssp126,mpi-esm1-2-hr
2094,24.36500946969697,2277.98762239388,ssp126,noresm2-mm
2094,25.65057765151515,2140.2392228398016,ssp245,access-cm2
2094,24.82029356060606,1912.9536234454924,ssp245,inm-cm5-0
2094,25.552793560606062,1882.9681817605608,ssp245,miroc6
2094,24.894857954545454,1848.9432831322738,ssp245,mpi-esm1-2-hr
2094,25.0458428030303,1378.0146897118743,ssp245,noresm2-mm
2094,28.427244318181817,1881.3491915926818,ssp370,access-cm2
2094,24.937793560606057,2776.570208007902,ssp370,inm-cm5-0
2094,25.77029356060606,1688.8743347521893,ssp370,miroc6
2094,25.642357954545457,2448.4524177331214,ssp370,mpi-esm1-2-hr
2094,26.0883428030303,1711.1593304415012,ssp370,noresm2-mm
2094,29.54974431818182,1812.00165888338,ssp585,access-cm2
2094,25.66279356060606,2438.843290356851,ssp585,inm-cm5-0
2094,28.396126893939392,1366.8981721640735,ssp585,miroc6
2094,25.94902462121212,2456.108943978678,ssp585,mpi-esm1-2-hr
2094,27.773342803030303,1688.3316698193116,ssp585,noresm2-mm
2095,25.78557765151515,2134.5723778592424,ssp126,access-cm2
2095,23.999460227272724,2149.018809177975,ssp126,inm-cm5-0
2095,23.904460227272725,2337.488335975255,ssp126,miroc6
2095,24.492357954545454,2094.836101957992,ssp126,mpi-esm1-2-hr
2095,24.34750946969697,1780.7819339674447,ssp126,noresm2-mm
2095,25.58474431818182,1455.074326898493,ssp245,access-cm2
2095,24.620293560606058,2021.3566252680405,ssp245,inm-cm5-0
2095,25.949460227272727,1766.8628105431792,ssp245,miroc6
2095,25.218191287878785,1590.486244082121,ssp245,mpi-esm1-2-hr
2095,25.3533428030303,1973.344846561506,ssp245,noresm2-mm
2095,27.58807765151515,1882.9403439931573,ssp370,access-cm2
2095,24.97779356060606,2015.7273412176262,ssp370,inm-cm5-0
2095,26.984460227272724,1400.7476043385475,ssp370,miroc6
2095,25.938191287878784,1993.8954846561007,ssp370,mpi-esm1-2-hr
2095,25.783342803030305,2089.3070023090763,ssp370,noresm2-mm
2095,29.67057765151515,1655.4780579297774,ssp585,access-cm2
2095,25.44029356060606,2381.022918955157,ssp585,inm-cm5-0
2095,28.261960227272727,1723.2127344612559,ssp585,miroc6
2095,25.848191287878787,2153.092454926208,ssp585,mpi-esm1-2-hr
2095,27.683342803030303,2335.216527223217,ssp585,noresm2-mm
2096,25.217244318181816,1721.487305477659,ssp126,access-cm2
2096,23.22279356060606,1914.7933256334484,ssp126,inm-cm5-0
2096,24.412793560606058,1684.4918530528128,ssp126,miroc6
2096,24.179857954545454,1878.3018795984412,ssp126,mpi-esm1-2-hr
2096,23.41250946969697,2022.014535603848,ssp126,noresm2-mm
2096,26.297244318181814,1960.9608525769706,ssp245,access-cm2
2096,24.409460227272728,2006.8349615818374,ssp245,inm-cm5-0
2096,25.33779356060606,1649.4848637559267,ssp245,miroc6
2096,24.424024621212123,2344.0981481190806,ssp245,mpi-esm1-2-hr
2096,25.090842803030302,2006.3455562847594,ssp245,noresm2-mm
2096,28.008910984848484,2260.5208986588955,ssp370,access-cm2
2096,24.728626893939392,2309.21991382344,ssp370,inm-cm5-0
2096,27.34362689393939,1827.3900770598352,ssp370,miroc6
2096,27.178191287878786,1467.8456164518996,ssp370,mpi-esm1-2-hr
2096,25.4058428030303,1843.3732244499388,ssp370,noresm2-mm
2096,30.269744318181818,1944.5337507944757,ssp585,access-cm2
2096,25.30779356060606,2404.5199678355693,ssp585,inm-cm5-0
2096,26.911960227272726,2252.1922320439558,ssp585,miroc6
2096,26.519857954545454,2641.6453691276506,ssp585,mpi-esm1-2-hr
2096,27.5133428030303,2338.5023237682767,ssp585,noresm2-mm
2097,24.836410984848484,1557.5288333162862,ssp126,access-cm2
2097,23.923626893939396,1916.3166468031554,ssp126,inm-cm5-0
2097,24.61196022727273,1452.9454668815854,ssp126,miroc6
2097,23.13402462121212,2158.407528415188,ssp126,mpi-esm1-2-hr
2097,25.028342803030302,1757.3541517878393,ssp126,noresm2-mm
2097,25.85307765151515,1640.4458957149382,ssp245,access-cm2
2097,24.54946022727273,2490.100964142113,ssp245,inm-cm5-0
2097,25.23029356060606,2062.542372806515,ssp245,miroc6
2097,24.279857954545452,2183.634279572329,ssp245,mpi-esm1-2-hr
2097,24.364176136363636,2151.8953435435706,ssp245,noresm2-mm
2097,27.96557765151515,1720.5786901342294,ssp370,access-cm2
2097,26.091960227272725,1616.780140394298,ssp370,inm-cm5-0
2097,26.083626893939392,1638.2005727380918,ssp370,miroc6
2097,26.044857954545453,2117.504508989408,ssp370,mpi-esm1-2-hr
2097,25.31417613636364,2173.7268986471076,ssp370,noresm2-mm
2097,29.311410984848482,2326.309207902291,ssp585,access-cm2
2097,25.756960227272728,2414.3360229898976,ssp585,inm-cm5-0
2097,27.771126893939392,1625.2315335773596,ssp585,miroc6
2097,26.31235795454545,2159.655905970846,ssp585,mpi-esm1-2-hr
2097,28.034176136363637,1442.97634991628,ssp585,noresm2-mm
2098,24.937244318181815,1981.1325196655694,ssp126,access-cm2
2098,23.452793560606057,2476.3254860832467,ssp126,inm-cm5-0
2098,25.86779356060606,1414.1044672700027,ssp126,miroc6
2098,23.237357954545455,1801.6736643044594,ssp126,mpi-esm1-2-hr
2098,24.232509469696968,1865.9491601371296,ssp126,noresm2-mm
2098,26.68057765151515,1455.245490060822,ssp245,access-cm2
2098,24.620293560606058,2248.9146579214516,ssp245,inm-cm5-0
2098,25.90279356060606,1966.3208418512797,ssp245,miroc6
2098,24.879857954545454,2526.0683053691823,ssp245,mpi-esm1-2-hr
2098,24.816676136363636,2072.1925221097767,ssp245,noresm2-mm
2098,28.324744318181818,1661.717216813091,ssp370,access-cm2
2098,24.971960227272728,2115.6551721131823,ssp370,inm-cm5-0
2098,25.89779356060606,1686.184369803453,ssp370,miroc6
2098,26.57735795454545,1933.3190423426,ssp370,mpi-esm1-2-hr
2098,26.317509469696972,1818.1462839089281,ssp370,noresm2-mm
2098,29.918910984848484,2098.4639007749865,ssp585,access-cm2
2098,26.67529356060606,2628.659514657459,ssp585,inm-cm5-0
2098,27.821960227272726,1905.8930221132173,ssp585,miroc6
2098,27.567357954545454,2107.1303790951943,ssp585,mpi-esm1-2-hr
2098,27.544176136363635,1900.3549528835438,ssp585,noresm2-mm
2099,24.37307765151515,2110.7092614503076,ssp126,access-cm2
2099,24.003626893939394,1622.6386691819673,ssp126,inm-cm5-0
2099,25.32029356060606,1391.3231980883907,ssp126,miroc6
2099,23.589857954545455,1988.9622324060633,ssp126,mpi-esm1-2-hr
2099,23.345009469696972,2061.2332705013628,ssp126,noresm2-mm
2099,25.997244318181817,1710.233837890123,ssp245,access-cm2
2099,24.721960227272728,2480.299757022371,ssp245,inm-cm5-0
2099,25.720293560606063,1933.4999048232578,ssp245,miroc6
2099,24.807357954545452,1803.5147736316064,ssp245,mpi-esm1-2-hr
2099,26.205842803030304,1373.6342678992814,ssp245,noresm2-mm
2099,27.66807765151515,2031.460038828734,ssp370,access-cm2
2099,26.013626893939392,2495.51576377643,ssp370,inm-cm5-0
2099,25.961960227272726,2231.15692769914,ssp370,miroc6
2099,26.754857954545454,2087.865753416067,ssp370,mpi-esm1-2-hr
2099,26.54667613636364,2102.36270748862,ssp370,noresm2-mm
2099,29.587244318181817,1916.1447947334334,ssp585,access-cm2
2099,26.547793560606063,2151.4583570029863,ssp585,inm-cm5-0
2099,27.812793560606057,1776.2917630318352,ssp585,miroc6
2099,27.743191287878787,1777.2535436153464,ssp585,mpi-esm1-2-hr
2099,27.496676136363636,1912.6362305446116,ssp585,noresm2-mm
2100,25.16724431818182,1968.0791809497807,ssp126,access-cm2
2100,23.46946022727273,1845.014678832714,ssp126,inm-cm5-0
2100,24.506126893939392,2363.0839632871425,ssp126,miroc6
2100,24.122357954545453,2304.398356883528,ssp126,mpi-esm1-2-hr
2100,23.78167613636364,2018.208465163314,ssp126,noresm2-mm
2100,26.143077651515153,2133.293513143063,ssp245,access-cm2
2100,23.79279356060606,2446.5665971625126,ssp245,inm-cm5-0
2100,26.206126893939395,2263.104274907791,ssp245,miroc6
2100,25.137357954545454,1819.648031188833,ssp245,mpi-esm1-2-hr
2100,25.357509469696968,1816.9149613990855,ssp245,noresm2-mm
2100,28.197244318181816,1699.8260135488142,ssp370,access-cm2
2100,26.173626893939396,2205.831139848029,ssp370,inm-cm5-0
2100,26.40112689393939,1752.5833353847886,ssp370,miroc6
2100,25.93402462121212,2004.4528561332656,ssp370,mpi-esm1-2-hr
2100,26.4158428030303,2052.3609706537904,ssp370,noresm2-mm
2100,29.038910984848485,2011.9287755585758,ssp585,access-cm2
2100,26.21362689393939,2466.293677972932,ssp585,inm-cm5-0
2100,27.90029356060606,1792.9061113267978,ssp585,miroc6
2100,27.030691287878785,2263.7551032966217,ssp585,mpi-esm1-2-hr
2100,27.90000946969697,2077.5975826594718,ssp585,noresm2-mm
